UF|CIDADE|MODALIDADE|TIPO_CONTRATO|PRODUTO|COPARTICIPACAO|REEMBOLSO|FAIXA_ETARIA|ACOMODACAO|PRECO|ID_PRODUTO|REGISTRO_ANS|COD_INTERNO|
SP|sao-paulo|SUPER_SIMPLES_2A29_MEI|2A29_VIDAS|NOSSO_MEDICO_RMSP|PARCIAL|NAO_EXISTE|00-18|ENFERM|125.11|SP|sao-paulo|SUPER_SIMPLES_2A29_MEI|['2A29_VIDAS', 'NOSSO_MEDICO_RMSP', 'PARCIAL', 'NAO_EXISTE', '00-18', 'ENFERM', '507.184/25-4', '41725']
SP|sao-paulo|SUPER_SIMPLES_2A29_MEI|2A29_VIDAS|NOSSO_MEDICO_RMSP|PARCIAL|NAO_EXISTE|19-23|ENFERM|168.87|SP|sao-paulo|SUPER_SIMPLES_2A29_MEI|['2A29_VIDAS', 'NOSSO_MEDICO_RMSP', 'PARCIAL', 'NAO_EXISTE', '19-23', 'ENFERM', '507.184/25-4', '41725']
SP|sao-paulo|SUPER_SIMPLES_2A29_MEI|2A29_VIDAS|NOSSO_MEDICO_RMSP|PARCIAL|NAO_EXISTE|24-28|ENFERM|199.58|SP|sao-paulo|SUPER_SIMPLES_2A29_MEI|['2A29_VIDAS', 'NOSSO_MEDICO_RMSP', 'PARCIAL', 'NAO_EXISTE', '24-28', 'ENFERM', '507.184/25-4', '41725']
SP|sao-paulo|SUPER_SIMPLES_2A29_MEI|2A29_VIDAS|NOSSO_MEDICO_RMSP|PARCIAL|NAO_EXISTE|29-33|ENFERM|199.58|SP|sao-paulo|SUPER_SIMPLES_2A29_MEI|['2A29_VIDAS', 'NOSSO_MEDICO_RMSP', 'PARCIAL', 'NAO_EXISTE', '29-33', 'ENFERM', '507.184/25-4', '41725']
SP|sao-paulo|SUPER_SIMPLES_2A29_MEI|2A29_VIDAS|NOSSO_MEDICO_RMSP|PARCIAL|NAO_EXISTE|34-38|ENFERM|199.58|SP|sao-paulo|SUPER_SIMPLES_2A29_MEI|['2A29_VIDAS', 'NOSSO_MEDICO_RMSP', 'PARCIAL', 'NAO_EXISTE', '34-38', 'ENFERM', '507.184/25-4', '41725']
SP|sao-paulo|SUPER_SIMPLES_2A29_MEI|2A29_VIDAS|NOSSO_MEDICO_RMSP|PARCIAL|NAO_EXISTE|39-43|ENFERM|237.04|SP|sao-paulo|SUPER_SIMPLES_2A29_MEI|['2A29_VIDAS', 'NOSSO_MEDICO_RMSP', 'PARCIAL', 'NAO_EXISTE', '39-43', 'ENFERM', '507.184/25-4', '41725']
SP|sao-paulo|SUPER_SIMPLES_2A29_MEI|2A29_VIDAS|NOSSO_MEDICO_RMSP|PARCIAL|NAO_EXISTE|44-48|ENFERM|308.15|SP|sao-paulo|SUPER_SIMPLES_2A29_MEI|['2A29_VIDAS', 'NOSSO_MEDICO_RMSP', 'PARCIAL', 'NAO_EXISTE', '44-48', 'ENFERM', '507.184/25-4', '41725']
SP|sao-paulo|SUPER_SIMPLES_2A29_MEI|2A29_VIDAS|NOSSO_MEDICO_RMSP|PARCIAL|NAO_EXISTE|49-53|ENFERM|400.60|SP|sao-paulo|SUPER_SIMPLES_2A29_MEI|['2A29_VIDAS', 'NOSSO_MEDICO_RMSP', 'PARCIAL', 'NAO_EXISTE', '49-53', 'ENFERM', '507.184/25-4', '41725']
SP|sao-paulo|SUPER_SIMPLES_2A29_MEI|2A29_VIDAS|NOSSO_MEDICO_RMSP|PARCIAL|NAO_EXISTE|54-58|ENFERM|520.78|SP|sao-paulo|SUPER_SIMPLES_2A29_MEI|['2A29_VIDAS', 'NOSSO_MEDICO_RMSP', 'PARCIAL', 'NAO_EXISTE', '54-58', 'ENFERM', '507.184/25-4', '41725']
SP|sao-paulo|SUPER_SIMPLES_2A29_MEI|2A29_VIDAS|NOSSO_MEDICO_RMSP|PARCIAL|NAO_EXISTE|59+|ENFERM|750.59|SP|sao-paulo|SUPER_SIMPLES_2A29_MEI|['2A29_VIDAS', 'NOSSO_MEDICO_RMSP', 'PARCIAL', 'NAO_EXISTE', '59+', 'ENFERM', '507.184/25-4', '41725']
SP|sao-paulo|SUPER_SIMPLES_2A29_MEI|2A29_VIDAS|SMART_AMBULATORIAL|PARCIAL|NAO_EXISTE|00-18|ENFERM|120.94|SP|sao-paulo|SUPER_SIMPLES_2A29_MEI|['2A29_VIDAS', 'SMART_AMBULATORIAL', 'PARCIAL', 'NAO_EXISTE', '00-18', 'ENFERM', '495.367/23-3', '41532']
SP|sao-paulo|SUPER_SIMPLES_2A29_MEI|2A29_VIDAS|SMART_AMBULATORIAL|PARCIAL|NAO_EXISTE|19-23|ENFERM|121.49|SP|sao-paulo|SUPER_SIMPLES_2A29_MEI|['2A29_VIDAS', 'SMART_AMBULATORIAL', 'PARCIAL', 'NAO_EXISTE', '19-23', 'ENFERM', '495.367/23-3', '41532']
SP|sao-paulo|SUPER_SIMPLES_2A29_MEI|2A29_VIDAS|SMART_AMBULATORIAL|PARCIAL|NAO_EXISTE|24-28|ENFERM|155.29|SP|sao-paulo|SUPER_SIMPLES_2A29_MEI|['2A29_VIDAS', 'SMART_AMBULATORIAL', 'PARCIAL', 'NAO_EXISTE', '24-28', 'ENFERM', '495.367/23-3', '41532']
SP|sao-paulo|SUPER_SIMPLES_2A29_MEI|2A29_VIDAS|SMART_AMBULATORIAL|PARCIAL|NAO_EXISTE|29-33|ENFERM|155.29|SP|sao-paulo|SUPER_SIMPLES_2A29_MEI|['2A29_VIDAS', 'SMART_AMBULATORIAL', 'PARCIAL', 'NAO_EXISTE', '29-33', 'ENFERM', '495.367/23-3', '41532']
SP|sao-paulo|SUPER_SIMPLES_2A29_MEI|2A29_VIDAS|SMART_AMBULATORIAL|PARCIAL|NAO_EXISTE|34-38|ENFERM|155.29|SP|sao-paulo|SUPER_SIMPLES_2A29_MEI|['2A29_VIDAS', 'SMART_AMBULATORIAL', 'PARCIAL', 'NAO_EXISTE', '34-38', 'ENFERM', '495.367/23-3', '41532']
SP|sao-paulo|SUPER_SIMPLES_2A29_MEI|2A29_VIDAS|SMART_AMBULATORIAL|PARCIAL|NAO_EXISTE|39-43|ENFERM|184.49|SP|sao-paulo|SUPER_SIMPLES_2A29_MEI|['2A29_VIDAS', 'SMART_AMBULATORIAL', 'PARCIAL', 'NAO_EXISTE', '39-43', 'ENFERM', '495.367/23-3', '41532']
SP|sao-paulo|SUPER_SIMPLES_2A29_MEI|2A29_VIDAS|SMART_AMBULATORIAL|PARCIAL|NAO_EXISTE|44-48|ENFERM|239.85|SP|sao-paulo|SUPER_SIMPLES_2A29_MEI|['2A29_VIDAS', 'SMART_AMBULATORIAL', 'PARCIAL', 'NAO_EXISTE', '44-48', 'ENFERM', '495.367/23-3', '41532']
SP|sao-paulo|SUPER_SIMPLES_2A29_MEI|2A29_VIDAS|SMART_AMBULATORIAL|PARCIAL|NAO_EXISTE|49-53|ENFERM|311.30|SP|sao-paulo|SUPER_SIMPLES_2A29_MEI|['2A29_VIDAS', 'SMART_AMBULATORIAL', 'PARCIAL', 'NAO_EXISTE', '49-53', 'ENFERM', '495.367/23-3', '41532']
SP|sao-paulo|SUPER_SIMPLES_2A29_MEI|2A29_VIDAS|SMART_AMBULATORIAL|PARCIAL|NAO_EXISTE|54-58|ENFERM|405.25|SP|sao-paulo|SUPER_SIMPLES_2A29_MEI|['2A29_VIDAS', 'SMART_AMBULATORIAL', 'PARCIAL', 'NAO_EXISTE', '54-58', 'ENFERM', '495.367/23-3', '41532']
SP|sao-paulo|SUPER_SIMPLES_2A29_MEI|2A29_VIDAS|SMART_AMBULATORIAL|PARCIAL|NAO_EXISTE|59+|ENFERM|725.53|SP|sao-paulo|SUPER_SIMPLES_2A29_MEI|['2A29_VIDAS', 'SMART_AMBULATORIAL', 'PARCIAL', 'NAO_EXISTE', '59+', 'ENFERM', '495.367/23-3', '41532']
SP|sao-paulo|SUPER_SIMPLES_2A29_MEI|2A29_VIDAS|SMART_200_SP_CAPITAL|PARCIAL|NAO_EXISTE|00-18|ENFERM|134.84|SP|sao-paulo|SUPER_SIMPLES_2A29_MEI|['2A29_VIDAS', 'SMART_200_SP_CAPITAL', 'PARCIAL', 'NAO_EXISTE', '00-18', 'ENFERM', '486.753/24-4', '41880']
SP|sao-paulo|SUPER_SIMPLES_2A29_MEI|2A29_VIDAS|SMART_200_SP_CAPITAL|PARCIAL|NAO_EXISTE|19-23|ENFERM|182.00|SP|sao-paulo|SUPER_SIMPLES_2A29_MEI|['2A29_VIDAS', 'SMART_200_SP_CAPITAL', 'PARCIAL', 'NAO_EXISTE', '19-23', 'ENFERM', '486.753/24-4', '41880']
SP|sao-paulo|SUPER_SIMPLES_2A29_MEI|2A29_VIDAS|SMART_200_SP_CAPITAL|PARCIAL|NAO_EXISTE|24-28|ENFERM|215.09|SP|sao-paulo|SUPER_SIMPLES_2A29_MEI|['2A29_VIDAS', 'SMART_200_SP_CAPITAL', 'PARCIAL', 'NAO_EXISTE', '24-28', 'ENFERM', '486.753/24-4', '41880']
SP|sao-paulo|SUPER_SIMPLES_2A29_MEI|2A29_VIDAS|SMART_200_SP_CAPITAL|PARCIAL|NAO_EXISTE|29-33|ENFERM|215.09|SP|sao-paulo|SUPER_SIMPLES_2A29_MEI|['2A29_VIDAS', 'SMART_200_SP_CAPITAL', 'PARCIAL', 'NAO_EXISTE', '29-33', 'ENFERM', '486.753/24-4', '41880']
SP|sao-paulo|SUPER_SIMPLES_2A29_MEI|2A29_VIDAS|SMART_200_SP_CAPITAL|PARCIAL|NAO_EXISTE|34-38|ENFERM|215.09|SP|sao-paulo|SUPER_SIMPLES_2A29_MEI|['2A29_VIDAS', 'SMART_200_SP_CAPITAL', 'PARCIAL', 'NAO_EXISTE', '34-38', 'ENFERM', '486.753/24-4', '41880']
SP|sao-paulo|SUPER_SIMPLES_2A29_MEI|2A29_VIDAS|SMART_200_SP_CAPITAL|PARCIAL|NAO_EXISTE|39-43|ENFERM|255.48|SP|sao-paulo|SUPER_SIMPLES_2A29_MEI|['2A29_VIDAS', 'SMART_200_SP_CAPITAL', 'PARCIAL', 'NAO_EXISTE', '39-43', 'ENFERM', '486.753/24-4', '41880']
SP|sao-paulo|SUPER_SIMPLES_2A29_MEI|2A29_VIDAS|SMART_200_SP_CAPITAL|PARCIAL|NAO_EXISTE|44-48|ENFERM|332.10|SP|sao-paulo|SUPER_SIMPLES_2A29_MEI|['2A29_VIDAS', 'SMART_200_SP_CAPITAL', 'PARCIAL', 'NAO_EXISTE', '44-48', 'ENFERM', '486.753/24-4', '41880']
SP|sao-paulo|SUPER_SIMPLES_2A29_MEI|2A29_VIDAS|SMART_200_SP_CAPITAL|PARCIAL|NAO_EXISTE|49-53|ENFERM|431.66|SP|sao-paulo|SUPER_SIMPLES_2A29_MEI|['2A29_VIDAS', 'SMART_200_SP_CAPITAL', 'PARCIAL', 'NAO_EXISTE', '49-53', 'ENFERM', '486.753/24-4', '41880']
SP|sao-paulo|SUPER_SIMPLES_2A29_MEI|2A29_VIDAS|SMART_200_SP_CAPITAL|PARCIAL|NAO_EXISTE|54-58|ENFERM|561.25|SP|sao-paulo|SUPER_SIMPLES_2A29_MEI|['2A29_VIDAS', 'SMART_200_SP_CAPITAL', 'PARCIAL', 'NAO_EXISTE', '54-58', 'ENFERM', '486.753/24-4', '41880']
SP|sao-paulo|SUPER_SIMPLES_2A29_MEI|2A29_VIDAS|SMART_200_SP_CAPITAL|PARCIAL|NAO_EXISTE|59+|ENFERM|908.02|SP|sao-paulo|SUPER_SIMPLES_2A29_MEI|['2A29_VIDAS', 'SMART_200_SP_CAPITAL', 'PARCIAL', 'NAO_EXISTE', '59+', 'ENFERM', '486.753/24-4', '41880']
SP|sao-paulo|SUPER_SIMPLES_2A29_MEI|2A29_VIDAS|SMART_200_UP|PARCIAL|NAO_EXISTE|00-18|ENFERM|139.01|SP|sao-paulo|SUPER_SIMPLES_2A29_MEI|['2A29_VIDAS', 'SMART_200_UP', 'PARCIAL', 'NAO_EXISTE', '00-18', 'ENFERM', '486.514/24-0', '41248']
SP|sao-paulo|SUPER_SIMPLES_2A29_MEI|2A29_VIDAS|SMART_200_UP|PARCIAL|NAO_EXISTE|19-23|ENFERM|187.35|SP|sao-paulo|SUPER_SIMPLES_2A29_MEI|['2A29_VIDAS', 'SMART_200_UP', 'PARCIAL', 'NAO_EXISTE', '19-23', 'ENFERM', '486.514/24-0', '41248']
SP|sao-paulo|SUPER_SIMPLES_2A29_MEI|2A29_VIDAS|SMART_200_UP|PARCIAL|NAO_EXISTE|24-28|ENFERM|221.78|SP|sao-paulo|SUPER_SIMPLES_2A29_MEI|['2A29_VIDAS', 'SMART_200_UP', 'PARCIAL', 'NAO_EXISTE', '24-28', 'ENFERM', '486.514/24-0', '41248']
SP|sao-paulo|SUPER_SIMPLES_2A29_MEI|2A29_VIDAS|SMART_200_UP|PARCIAL|NAO_EXISTE|29-33|ENFERM|221.78|SP|sao-paulo|SUPER_SIMPLES_2A29_MEI|['2A29_VIDAS', 'SMART_200_UP', 'PARCIAL', 'NAO_EXISTE', '29-33', 'ENFERM', '486.514/24-0', '41248']
SP|sao-paulo|SUPER_SIMPLES_2A29_MEI|2A29_VIDAS|SMART_200_UP|PARCIAL|NAO_EXISTE|34-38|ENFERM|221.78|SP|sao-paulo|SUPER_SIMPLES_2A29_MEI|['2A29_VIDAS', 'SMART_200_UP', 'PARCIAL', 'NAO_EXISTE', '34-38', 'ENFERM', '486.514/24-0', '41248']
SP|sao-paulo|SUPER_SIMPLES_2A29_MEI|2A29_VIDAS|SMART_200_UP|PARCIAL|NAO_EXISTE|39-43|ENFERM|263.60|SP|sao-paulo|SUPER_SIMPLES_2A29_MEI|['2A29_VIDAS', 'SMART_200_UP', 'PARCIAL', 'NAO_EXISTE', '39-43', 'ENFERM', '486.514/24-0', '41248']
SP|sao-paulo|SUPER_SIMPLES_2A29_MEI|2A29_VIDAS|SMART_200_UP|PARCIAL|NAO_EXISTE|44-48|ENFERM|342.39|SP|sao-paulo|SUPER_SIMPLES_2A29_MEI|['2A29_VIDAS', 'SMART_200_UP', 'PARCIAL', 'NAO_EXISTE', '44-48', 'ENFERM', '486.514/24-0', '41248']
SP|sao-paulo|SUPER_SIMPLES_2A29_MEI|2A29_VIDAS|SMART_200_UP|PARCIAL|NAO_EXISTE|49-53|ENFERM|445.10|SP|sao-paulo|SUPER_SIMPLES_2A29_MEI|['2A29_VIDAS', 'SMART_200_UP', 'PARCIAL', 'NAO_EXISTE', '49-53', 'ENFERM', '486.514/24-0', '41248']
SP|sao-paulo|SUPER_SIMPLES_2A29_MEI|2A29_VIDAS|SMART_200_UP|PARCIAL|NAO_EXISTE|54-58|ENFERM|578.64|SP|sao-paulo|SUPER_SIMPLES_2A29_MEI|['2A29_VIDAS', 'SMART_200_UP', 'PARCIAL', 'NAO_EXISTE', '54-58', 'ENFERM', '486.514/24-0', '41248']
SP|sao-paulo|SUPER_SIMPLES_2A29_MEI|2A29_VIDAS|SMART_200_UP|PARCIAL|NAO_EXISTE|59+|ENFERM|833.99|SP|sao-paulo|SUPER_SIMPLES_2A29_MEI|['2A29_VIDAS', 'SMART_200_UP', 'PARCIAL', 'NAO_EXISTE', '59+', 'ENFERM', '486.514/24-0', '41248']
SP|sao-paulo|SUPER_SIMPLES_2A29_MEI|2A29_VIDAS|SMART_300|PARCIAL|NAO_EXISTE|00-18|ENFERM|150.01|SP|sao-paulo|SUPER_SIMPLES_2A29_MEI|['2A29_VIDAS', 'SMART_300', 'PARCIAL', 'NAO_EXISTE', '00-18', 'ENFERM', '486.515/24-1', '41249']
SP|sao-paulo|SUPER_SIMPLES_2A29_MEI|2A29_VIDAS|SMART_300|PARCIAL|NAO_EXISTE|19-23|ENFERM|202.26|SP|sao-paulo|SUPER_SIMPLES_2A29_MEI|['2A29_VIDAS', 'SMART_300', 'PARCIAL', 'NAO_EXISTE', '19-23', 'ENFERM', '486.515/24-1', '41249']
SP|sao-paulo|SUPER_SIMPLES_2A29_MEI|2A29_VIDAS|SMART_300|PARCIAL|NAO_EXISTE|24-28|ENFERM|239.11|SP|sao-paulo|SUPER_SIMPLES_2A29_MEI|['2A29_VIDAS', 'SMART_300', 'PARCIAL', 'NAO_EXISTE', '24-28', 'ENFERM', '486.515/24-1', '41249']
SP|sao-paulo|SUPER_SIMPLES_2A29_MEI|2A29_VIDAS|SMART_300|PARCIAL|NAO_EXISTE|29-33|ENFERM|239.11|SP|sao-paulo|SUPER_SIMPLES_2A29_MEI|['2A29_VIDAS', 'SMART_300', 'PARCIAL', 'NAO_EXISTE', '29-33', 'ENFERM', '486.515/24-1', '41249']
SP|sao-paulo|SUPER_SIMPLES_2A29_MEI|2A29_VIDAS|SMART_300|PARCIAL|NAO_EXISTE|34-38|ENFERM|239.11|SP|sao-paulo|SUPER_SIMPLES_2A29_MEI|['2A29_VIDAS', 'SMART_300', 'PARCIAL', 'NAO_EXISTE', '34-38', 'ENFERM', '486.515/24-1', '41249']
SP|sao-paulo|SUPER_SIMPLES_2A29_MEI|2A29_VIDAS|SMART_300|PARCIAL|NAO_EXISTE|39-43|ENFERM|284.39|SP|sao-paulo|SUPER_SIMPLES_2A29_MEI|['2A29_VIDAS', 'SMART_300', 'PARCIAL', 'NAO_EXISTE', '39-43', 'ENFERM', '486.515/24-1', '41249']
SP|sao-paulo|SUPER_SIMPLES_2A29_MEI|2A29_VIDAS|SMART_300|PARCIAL|NAO_EXISTE|44-48|ENFERM|369.45|SP|sao-paulo|SUPER_SIMPLES_2A29_MEI|['2A29_VIDAS', 'SMART_300', 'PARCIAL', 'NAO_EXISTE', '44-48', 'ENFERM', '486.515/24-1', '41249']
SP|sao-paulo|SUPER_SIMPLES_2A29_MEI|2A29_VIDAS|SMART_300|PARCIAL|NAO_EXISTE|49-53|ENFERM|480.25|SP|sao-paulo|SUPER_SIMPLES_2A29_MEI|['2A29_VIDAS', 'SMART_300', 'PARCIAL', 'NAO_EXISTE', '49-53', 'ENFERM', '486.515/24-1', '41249']
SP|sao-paulo|SUPER_SIMPLES_2A29_MEI|2A29_VIDAS|SMART_300|PARCIAL|NAO_EXISTE|54-58|ENFERM|624.70|SP|sao-paulo|SUPER_SIMPLES_2A29_MEI|['2A29_VIDAS', 'SMART_300', 'PARCIAL', 'NAO_EXISTE', '54-58', 'ENFERM', '486.515/24-1', '41249']
SP|sao-paulo|SUPER_SIMPLES_2A29_MEI|2A29_VIDAS|SMART_300|PARCIAL|NAO_EXISTE|59+|ENFERM|1.010.49|SP|sao-paulo|SUPER_SIMPLES_2A29_MEI|['2A29_VIDAS', 'SMART_300', 'PARCIAL', 'NAO_EXISTE', '59+', 'ENFERM', '486.515/24-1', '41249']
SP|sao-paulo|SUPER_SIMPLES_2A29_MEI|2A29_VIDAS|SMART_500|PARCIAL|NAO_EXISTE|00-18|ENFERM|219.44|SP|sao-paulo|SUPER_SIMPLES_2A29_MEI|['2A29_VIDAS', 'SMART_500', 'PARCIAL', 'NAO_EXISTE', '00-18', 'ENFERM', '486.516/24-2', '41250']
SP|sao-paulo|SUPER_SIMPLES_2A29_MEI|2A29_VIDAS|SMART_500|PARCIAL|NAO_EXISTE|19-23|ENFERM|296.20|SP|sao-paulo|SUPER_SIMPLES_2A29_MEI|['2A29_VIDAS', 'SMART_500', 'PARCIAL', 'NAO_EXISTE', '19-23', 'ENFERM', '486.516/24-2', '41250']
SP|sao-paulo|SUPER_SIMPLES_2A29_MEI|2A29_VIDAS|SMART_500|PARCIAL|NAO_EXISTE|24-28|ENFERM|350.38|SP|sao-paulo|SUPER_SIMPLES_2A29_MEI|['2A29_VIDAS', 'SMART_500', 'PARCIAL', 'NAO_EXISTE', '24-28', 'ENFERM', '486.516/24-2', '41250']
SP|sao-paulo|SUPER_SIMPLES_2A29_MEI|2A29_VIDAS|SMART_500|PARCIAL|NAO_EXISTE|29-33|ENFERM|350.38|SP|sao-paulo|SUPER_SIMPLES_2A29_MEI|['2A29_VIDAS', 'SMART_500', 'PARCIAL', 'NAO_EXISTE', '29-33', 'ENFERM', '486.516/24-2', '41250']
SP|sao-paulo|SUPER_SIMPLES_2A29_MEI|2A29_VIDAS|SMART_500|PARCIAL|NAO_EXISTE|34-38|ENFERM|350.38|SP|sao-paulo|SUPER_SIMPLES_2A29_MEI|['2A29_VIDAS', 'SMART_500', 'PARCIAL', 'NAO_EXISTE', '34-38', 'ENFERM', '486.516/24-2', '41250']
SP|sao-paulo|SUPER_SIMPLES_2A29_MEI|2A29_VIDAS|SMART_500|PARCIAL|NAO_EXISTE|39-43|ENFERM|416.76|SP|sao-paulo|SUPER_SIMPLES_2A29_MEI|['2A29_VIDAS', 'SMART_500', 'PARCIAL', 'NAO_EXISTE', '39-43', 'ENFERM', '486.516/24-2', '41250']
SP|sao-paulo|SUPER_SIMPLES_2A29_MEI|2A29_VIDAS|SMART_500|PARCIAL|NAO_EXISTE|44-48|ENFERM|541.71|SP|sao-paulo|SUPER_SIMPLES_2A29_MEI|['2A29_VIDAS', 'SMART_500', 'PARCIAL', 'NAO_EXISTE', '44-48', 'ENFERM', '486.516/24-2', '41250']
SP|sao-paulo|SUPER_SIMPLES_2A29_MEI|2A29_VIDAS|SMART_500|PARCIAL|NAO_EXISTE|49-53|ENFERM|704.81|SP|sao-paulo|SUPER_SIMPLES_2A29_MEI|['2A29_VIDAS', 'SMART_500', 'PARCIAL', 'NAO_EXISTE', '49-53', 'ENFERM', '486.516/24-2', '41250']
SP|sao-paulo|SUPER_SIMPLES_2A29_MEI|2A29_VIDAS|SMART_500|PARCIAL|NAO_EXISTE|54-58|ENFERM|915.40|SP|sao-paulo|SUPER_SIMPLES_2A29_MEI|['2A29_VIDAS', 'SMART_500', 'PARCIAL', 'NAO_EXISTE', '54-58', 'ENFERM', '486.516/24-2', '41250']
SP|sao-paulo|SUPER_SIMPLES_2A29_MEI|2A29_VIDAS|SMART_500|PARCIAL|NAO_EXISTE|59+|ENFERM|1.376.49|SP|sao-paulo|SUPER_SIMPLES_2A29_MEI|['2A29_VIDAS', 'SMART_500', 'PARCIAL', 'NAO_EXISTE', '59+', 'ENFERM', '486.516/24-2', '41250']
SP|sao-paulo|SUPER_SIMPLES_2A29_MEI|2A29_VIDAS|SMART_PRIME|PARCIAL|NAO_EXISTE|00-18|ENFERM|245.06|SP|sao-paulo|SUPER_SIMPLES_2A29_MEI|['2A29_VIDAS', 'SMART_PRIME', 'PARCIAL', 'NAO_EXISTE', '00-18', 'ENFERM', '486.517/24-3', '41251']
SP|sao-paulo|SUPER_SIMPLES_2A29_MEI|2A29_VIDAS|SMART_PRIME|PARCIAL|NAO_EXISTE|19-23|ENFERM|330.85|SP|sao-paulo|SUPER_SIMPLES_2A29_MEI|['2A29_VIDAS', 'SMART_PRIME', 'PARCIAL', 'NAO_EXISTE', '19-23', 'ENFERM', '486.517/24-3', '41251']
SP|sao-paulo|SUPER_SIMPLES_2A29_MEI|2A29_VIDAS|SMART_PRIME|PARCIAL|NAO_EXISTE|24-28|ENFERM|390.71|SP|sao-paulo|SUPER_SIMPLES_2A29_MEI|['2A29_VIDAS', 'SMART_PRIME', 'PARCIAL', 'NAO_EXISTE', '24-28', 'ENFERM', '486.517/24-3', '41251']
SP|sao-paulo|SUPER_SIMPLES_2A29_MEI|2A29_VIDAS|SMART_PRIME|PARCIAL|NAO_EXISTE|29-33|ENFERM|390.71|SP|sao-paulo|SUPER_SIMPLES_2A29_MEI|['2A29_VIDAS', 'SMART_PRIME', 'PARCIAL', 'NAO_EXISTE', '29-33', 'ENFERM', '486.517/24-3', '41251']
SP|sao-paulo|SUPER_SIMPLES_2A29_MEI|2A29_VIDAS|SMART_PRIME|PARCIAL|NAO_EXISTE|34-38|ENFERM|390.71|SP|sao-paulo|SUPER_SIMPLES_2A29_MEI|['2A29_VIDAS', 'SMART_PRIME', 'PARCIAL', 'NAO_EXISTE', '34-38', 'ENFERM', '486.517/24-3', '41251']
SP|sao-paulo|SUPER_SIMPLES_2A29_MEI|2A29_VIDAS|SMART_PRIME|PARCIAL|NAO_EXISTE|39-43|ENFERM|464.51|SP|sao-paulo|SUPER_SIMPLES_2A29_MEI|['2A29_VIDAS', 'SMART_PRIME', 'PARCIAL', 'NAO_EXISTE', '39-43', 'ENFERM', '486.517/24-3', '41251']
SP|sao-paulo|SUPER_SIMPLES_2A29_MEI|2A29_VIDAS|SMART_PRIME|PARCIAL|NAO_EXISTE|44-48|ENFERM|603.68|SP|sao-paulo|SUPER_SIMPLES_2A29_MEI|['2A29_VIDAS', 'SMART_PRIME', 'PARCIAL', 'NAO_EXISTE', '44-48', 'ENFERM', '486.517/24-3', '41251']
SP|sao-paulo|SUPER_SIMPLES_2A29_MEI|2A29_VIDAS|SMART_PRIME|PARCIAL|NAO_EXISTE|49-53|ENFERM|784.02|SP|sao-paulo|SUPER_SIMPLES_2A29_MEI|['2A29_VIDAS', 'SMART_PRIME', 'PARCIAL', 'NAO_EXISTE', '49-53', 'ENFERM', '486.517/24-3', '41251']
SP|sao-paulo|SUPER_SIMPLES_2A29_MEI|2A29_VIDAS|SMART_PRIME|PARCIAL|NAO_EXISTE|54-58|ENFERM|1.019.65|SP|sao-paulo|SUPER_SIMPLES_2A29_MEI|['2A29_VIDAS', 'SMART_PRIME', 'PARCIAL', 'NAO_EXISTE', '54-58', 'ENFERM', '486.517/24-3', '41251']
SP|sao-paulo|SUPER_SIMPLES_2A29_MEI|2A29_VIDAS|SMART_PRIME|PARCIAL|NAO_EXISTE|59+|ENFERM|1.487.76|SP|sao-paulo|SUPER_SIMPLES_2A29_MEI|['2A29_VIDAS', 'SMART_PRIME', 'PARCIAL', 'NAO_EXISTE', '59+', 'ENFERM', '486.517/24-3', '41251']
SP|sao-paulo|SUPER_SIMPLES_2A29_MEI|2A29_VIDAS|ADVANCE_600|PARCIAL|TOTAL|00-18|ENFERM|267.23|SP|sao-paulo|SUPER_SIMPLES_2A29_MEI|['2A29_VIDAS', 'ADVANCE_600', 'PARCIAL', 'TOTAL', '00-18', 'ENFERM', '474.438/15-0', '41298']
SP|sao-paulo|SUPER_SIMPLES_2A29_MEI|2A29_VIDAS|ADVANCE_600|PARCIAL|TOTAL|19-23|ENFERM|360.01|SP|sao-paulo|SUPER_SIMPLES_2A29_MEI|['2A29_VIDAS', 'ADVANCE_600', 'PARCIAL', 'TOTAL', '19-23', 'ENFERM', '474.438/15-0', '41298']
SP|sao-paulo|SUPER_SIMPLES_2A29_MEI|2A29_VIDAS|ADVANCE_600|PARCIAL|TOTAL|24-28|ENFERM|425.92|SP|sao-paulo|SUPER_SIMPLES_2A29_MEI|['2A29_VIDAS', 'ADVANCE_600', 'PARCIAL', 'TOTAL', '24-28', 'ENFERM', '474.438/15-0', '41298']
SP|sao-paulo|SUPER_SIMPLES_2A29_MEI|2A29_VIDAS|ADVANCE_600|PARCIAL|TOTAL|29-33|ENFERM|425.92|SP|sao-paulo|SUPER_SIMPLES_2A29_MEI|['2A29_VIDAS', 'ADVANCE_600', 'PARCIAL', 'TOTAL', '29-33', 'ENFERM', '474.438/15-0', '41298']
SP|sao-paulo|SUPER_SIMPLES_2A29_MEI|2A29_VIDAS|ADVANCE_600|PARCIAL|TOTAL|34-38|ENFERM|425.92|SP|sao-paulo|SUPER_SIMPLES_2A29_MEI|['2A29_VIDAS', 'ADVANCE_600', 'PARCIAL', 'TOTAL', '34-38', 'ENFERM', '474.438/15-0', '41298']
SP|sao-paulo|SUPER_SIMPLES_2A29_MEI|2A29_VIDAS|ADVANCE_600|PARCIAL|TOTAL|39-43|ENFERM|506.34|SP|sao-paulo|SUPER_SIMPLES_2A29_MEI|['2A29_VIDAS', 'ADVANCE_600', 'PARCIAL', 'TOTAL', '39-43', 'ENFERM', '474.438/15-0', '41298']
SP|sao-paulo|SUPER_SIMPLES_2A29_MEI|2A29_VIDAS|ADVANCE_600|PARCIAL|TOTAL|44-48|ENFERM|658.06|SP|sao-paulo|SUPER_SIMPLES_2A29_MEI|['2A29_VIDAS', 'ADVANCE_600', 'PARCIAL', 'TOTAL', '44-48', 'ENFERM', '474.438/15-0', '41298']
SP|sao-paulo|SUPER_SIMPLES_2A29_MEI|2A29_VIDAS|ADVANCE_600|PARCIAL|TOTAL|49-53|ENFERM|856.03|SP|sao-paulo|SUPER_SIMPLES_2A29_MEI|['2A29_VIDAS', 'ADVANCE_600', 'PARCIAL', 'TOTAL', '49-53', 'ENFERM', '474.438/15-0', '41298']
SP|sao-paulo|SUPER_SIMPLES_2A29_MEI|2A29_VIDAS|ADVANCE_600|PARCIAL|TOTAL|54-58|ENFERM|1.113.47|SP|sao-paulo|SUPER_SIMPLES_2A29_MEI|['2A29_VIDAS', 'ADVANCE_600', 'PARCIAL', 'TOTAL', '54-58', 'ENFERM', '474.438/15-0', '41298']
SP|sao-paulo|SUPER_SIMPLES_2A29_MEI|2A29_VIDAS|ADVANCE_600|PARCIAL|TOTAL|59+|ENFERM|1.630.48|SP|sao-paulo|SUPER_SIMPLES_2A29_MEI|['2A29_VIDAS', 'ADVANCE_600', 'PARCIAL', 'TOTAL', '59+', 'ENFERM', '474.438/15-0', '41298']
SP|sao-paulo|SUPER_SIMPLES_2A29_MEI|2A29_VIDAS|ADVANCE_600|PARCIAL|TOTAL|00-18|APART|287.44|SP|sao-paulo|SUPER_SIMPLES_2A29_MEI|['2A29_VIDAS', 'ADVANCE_600', 'PARCIAL', 'TOTAL', '00-18', 'APART', '474.438/15-0', '41298']
SP|sao-paulo|SUPER_SIMPLES_2A29_MEI|2A29_VIDAS|ADVANCE_600|PARCIAL|TOTAL|19-23|APART|387.36|SP|sao-paulo|SUPER_SIMPLES_2A29_MEI|['2A29_VIDAS', 'ADVANCE_600', 'PARCIAL', 'TOTAL', '19-23', 'APART', '474.438/15-0', '41298']
SP|sao-paulo|SUPER_SIMPLES_2A29_MEI|2A29_VIDAS|ADVANCE_600|PARCIAL|TOTAL|24-28|ENFERM|456.01|SP|sao-paulo|SUPER_SIMPLES_2A29_MEI|['2A29_VIDAS', 'ADVANCE_600', 'PARCIAL', 'TOTAL', '24-28', 'APART', '474.438/15-0', '41298']
SP|sao-paulo|SUPER_SIMPLES_2A29_MEI|2A29_VIDAS|ADVANCE_600|PARCIAL|TOTAL|29-33|APART|456.01|SP|sao-paulo|SUPER_SIMPLES_2A29_MEI|['2A29_VIDAS', 'ADVANCE_600', 'PARCIAL', 'TOTAL', '29-33', 'APART', '474.438/15-0', '41298']
SP|sao-paulo|SUPER_SIMPLES_2A29_MEI|2A29_VIDAS|ADVANCE_600|PARCIAL|TOTAL|34-38|APART|456.01|SP|sao-paulo|SUPER_SIMPLES_2A29_MEI|['2A29_VIDAS', 'ADVANCE_600', 'PARCIAL', 'TOTAL', '34-38', 'APART', '474.438/15-0', '41298']
SP|sao-paulo|SUPER_SIMPLES_2A29_MEI|2A29_VIDAS|ADVANCE_600|PARCIAL|TOTAL|39-43|APART|541.71|SP|sao-paulo|SUPER_SIMPLES_2A29_MEI|['2A29_VIDAS', 'ADVANCE_600', 'PARCIAL', 'TOTAL', '39-43', 'APART', '474.438/15-0', '41298']
SP|sao-paulo|SUPER_SIMPLES_2A29_MEI|2A29_VIDAS|ADVANCE_600|PARCIAL|TOTAL|44-48|APART|704.81|SP|sao-paulo|SUPER_SIMPLES_2A29_MEI|['2A29_VIDAS', 'ADVANCE_600', 'PARCIAL', 'TOTAL', '44-48', 'APART', '474.438/15-0', '41298']
SP|sao-paulo|SUPER_SIMPLES_2A29_MEI|2A29_VIDAS|ADVANCE_600|PARCIAL|TOTAL|49-53|ENFERM|917.09|SP|sao-paulo|SUPER_SIMPLES_2A29_MEI|['2A29_VIDAS', 'ADVANCE_600', 'PARCIAL', 'TOTAL', '49-53', 'APART', '474.438/15-0', '41298']
SP|sao-paulo|SUPER_SIMPLES_2A29_MEI|2A29_VIDAS|ADVANCE_600|PARCIAL|TOTAL|54-58|APART|1.193.42|SP|sao-paulo|SUPER_SIMPLES_2A29_MEI|['2A29_VIDAS', 'ADVANCE_600', 'PARCIAL', 'TOTAL', '54-58', 'APART', '474.438/15-0', '41298']
SP|sao-paulo|SUPER_SIMPLES_2A29_MEI|2A29_VIDAS|ADVANCE_600|PARCIAL|TOTAL|59+|APART|1.749.16|SP|sao-paulo|SUPER_SIMPLES_2A29_MEI|['2A29_VIDAS', 'ADVANCE_600', 'PARCIAL', 'TOTAL', '59+', 'APART', '474.438/15-0', '41298']
SP|sao-paulo|SUPER_SIMPLES_2A29_MEI|2A29_VIDAS|ADVANCE_700|PARCIAL|TOTAL|00-18|ENFERM|307.23|SP|sao-paulo|SUPER_SIMPLES_2A29_MEI|['2A29_VIDAS', 'ADVANCE_700', 'PARCIAL', 'TOTAL', '00-18', 'ENFERM', '474.439/15-1', '41299']
SP|sao-paulo|SUPER_SIMPLES_2A29_MEI|2A29_VIDAS|ADVANCE_700|PARCIAL|TOTAL|19-23|ENFERM|414.57|SP|sao-paulo|SUPER_SIMPLES_2A29_MEI|['2A29_VIDAS', 'ADVANCE_700', 'PARCIAL', 'TOTAL', '19-23', 'ENFERM', '474.439/15-1', '41299']
SP|sao-paulo|SUPER_SIMPLES_2A29_MEI|2A29_VIDAS|ADVANCE_700|PARCIAL|TOTAL|24-28|ENFERM|490.25|SP|sao-paulo|SUPER_SIMPLES_2A29_MEI|['2A29_VIDAS', 'ADVANCE_700', 'PARCIAL', 'TOTAL', '24-28', 'ENFERM', '474.439/15-1', '41299']
SP|sao-paulo|SUPER_SIMPLES_2A29_MEI|2A29_VIDAS|ADVANCE_700|PARCIAL|TOTAL|29-33|ENFERM|490.25|SP|sao-paulo|SUPER_SIMPLES_2A29_MEI|['2A29_VIDAS', 'ADVANCE_700', 'PARCIAL', 'TOTAL', '29-33', 'ENFERM', '474.439/15-1', '41299']
SP|sao-paulo|SUPER_SIMPLES_2A29_MEI|2A29_VIDAS|ADVANCE_700|PARCIAL|TOTAL|34-38|ENFERM|490.25|SP|sao-paulo|SUPER_SIMPLES_2A29_MEI|['2A29_VIDAS', 'ADVANCE_700', 'PARCIAL', 'TOTAL', '34-38', 'ENFERM', '474.439/15-1', '41299']
SP|sao-paulo|SUPER_SIMPLES_2A29_MEI|2A29_VIDAS|ADVANCE_700|PARCIAL|TOTAL|39-43|ENFERM|582.45|SP|sao-paulo|SUPER_SIMPLES_2A29_MEI|['2A29_VIDAS', 'ADVANCE_700', 'PARCIAL', 'TOTAL', '39-43', 'ENFERM', '474.439/15-1', '41299']
SP|sao-paulo|SUPER_SIMPLES_2A29_MEI|2A29_VIDAS|ADVANCE_700|PARCIAL|TOTAL|44-48|ENFERM|757.77|SP|sao-paulo|SUPER_SIMPLES_2A29_MEI|['2A29_VIDAS', 'ADVANCE_700', 'PARCIAL', 'TOTAL', '44-48', 'ENFERM', '474.439/15-1', '41299']
SP|sao-paulo|SUPER_SIMPLES_2A29_MEI|2A29_VIDAS|ADVANCE_700|PARCIAL|TOTAL|49-53|ENFERM|985.00|SP|sao-paulo|SUPER_SIMPLES_2A29_MEI|['2A29_VIDAS', 'ADVANCE_700', 'PARCIAL', 'TOTAL', '49-53', 'ENFERM', '474.439/15-1', '41299']
SP|sao-paulo|SUPER_SIMPLES_2A29_MEI|2A29_VIDAS|ADVANCE_700|PARCIAL|TOTAL|54-58|ENFERM|1.281.10|SP|sao-paulo|SUPER_SIMPLES_2A29_MEI|['2A29_VIDAS', 'ADVANCE_700', 'PARCIAL', 'TOTAL', '54-58', 'ENFERM', '474.439/15-1', '41299']
SP|sao-paulo|SUPER_SIMPLES_2A29_MEI|2A29_VIDAS|ADVANCE_700|PARCIAL|TOTAL|59+|ENFERM|1.872.07|SP|sao-paulo|SUPER_SIMPLES_2A29_MEI|['2A29_VIDAS', 'ADVANCE_700', 'PARCIAL', 'TOTAL', '59+', 'ENFERM', '474.439/15-1', '41299']
SP|sao-paulo|SUPER_SIMPLES_2A29_MEI|2A29_VIDAS|ADVANCE_700|PARCIAL|TOTAL|00-18|APART|329.86|SP|sao-paulo|SUPER_SIMPLES_2A29_MEI|['2A29_VIDAS', 'ADVANCE_700', 'PARCIAL', 'TOTAL', '00-18', 'APART', '474.439/15-1', '41299']
SP|sao-paulo|SUPER_SIMPLES_2A29_MEI|2A29_VIDAS|ADVANCE_700|PARCIAL|TOTAL|19-23|APART|445.79|SP|sao-paulo|SUPER_SIMPLES_2A29_MEI|['2A29_VIDAS', 'ADVANCE_700', 'PARCIAL', 'TOTAL', '19-23', 'APART', '474.439/15-1', '41299']
SP|sao-paulo|SUPER_SIMPLES_2A29_MEI|2A29_VIDAS|ADVANCE_700|PARCIAL|TOTAL|24-28|APART|525.77|SP|sao-paulo|SUPER_SIMPLES_2A29_MEI|['2A29_VIDAS', 'ADVANCE_700', 'PARCIAL', 'TOTAL', '24-28', 'APART', '474.439/15-1', '41299']
SP|sao-paulo|SUPER_SIMPLES_2A29_MEI|2A29_VIDAS|ADVANCE_700|PARCIAL|TOTAL|29-33|APART|525.77|SP|sao-paulo|SUPER_SIMPLES_2A29_MEI|['2A29_VIDAS', 'ADVANCE_700', 'PARCIAL', 'TOTAL', '29-33', 'APART', '474.439/15-1', '41299']
SP|sao-paulo|SUPER_SIMPLES_2A29_MEI|2A29_VIDAS|ADVANCE_700|PARCIAL|TOTAL|34-38|APART|525.77|SP|sao-paulo|SUPER_SIMPLES_2A29_MEI|['2A29_VIDAS', 'ADVANCE_700', 'PARCIAL', 'TOTAL', '34-38', 'APART', '474.439/15-1', '41299']
SP|sao-paulo|SUPER_SIMPLES_2A29_MEI|2A29_VIDAS|ADVANCE_700|PARCIAL|TOTAL|39-43|APART|625.03|SP|sao-paulo|SUPER_SIMPLES_2A29_MEI|['2A29_VIDAS', 'ADVANCE_700', 'PARCIAL', 'TOTAL', '39-43', 'APART', '474.439/15-1', '41299']
SP|sao-paulo|SUPER_SIMPLES_2A29_MEI|2A29_VIDAS|ADVANCE_700|PARCIAL|TOTAL|44-48|APART|813.11|SP|sao-paulo|SUPER_SIMPLES_2A29_MEI|['2A29_VIDAS', 'ADVANCE_700', 'PARCIAL', 'TOTAL', '44-48', 'APART', '474.439/15-1', '41299']
SP|sao-paulo|SUPER_SIMPLES_2A29_MEI|2A29_VIDAS|ADVANCE_700|PARCIAL|TOTAL|49-53|APART|1.057.16|SP|sao-paulo|SUPER_SIMPLES_2A29_MEI|['2A29_VIDAS', 'ADVANCE_700', 'PARCIAL', 'TOTAL', '49-53', 'APART', '474.439/15-1', '41299']
SP|sao-paulo|SUPER_SIMPLES_2A29_MEI|2A29_VIDAS|ADVANCE_700|PARCIAL|TOTAL|54-58|APART|1.376.45|SP|sao-paulo|SUPER_SIMPLES_2A29_MEI|['2A29_VIDAS', 'ADVANCE_700', 'PARCIAL', 'TOTAL', '54-58', 'APART', '474.439/15-1', '41299']
SP|sao-paulo|SUPER_SIMPLES_2A29_MEI|2A29_VIDAS|ADVANCE_700|PARCIAL|TOTAL|59+|APART|2.008.37|SP|sao-paulo|SUPER_SIMPLES_2A29_MEI|['2A29_VIDAS', 'ADVANCE_700', 'PARCIAL', 'TOTAL', '59+', 'APART', '474.439/15-1', '41299']
SP|sao-paulo|SUPER_SIMPLES_2A29_MEI|2A29_VIDAS|PREMIUM_900_CARE|PARCIAL|TOTAL|00-18|ENFERM|316.72|SP|sao-paulo|SUPER_SIMPLES_2A29_MEI|['2A29_VIDAS', 'PREMIUM_900_CARE', 'PARCIAL', 'TOTAL', '00-18', 'ENFERM', '478.758/16-1', '41448']
SP|sao-paulo|SUPER_SIMPLES_2A29_MEI|2A29_VIDAS|PREMIUM_900_CARE|PARCIAL|TOTAL|19-23|ENFERM|427.77|SP|sao-paulo|SUPER_SIMPLES_2A29_MEI|['2A29_VIDAS', 'PREMIUM_900_CARE', 'PARCIAL', 'TOTAL', '19-23', 'ENFERM', '478.758/16-1', '41448']
SP|sao-paulo|SUPER_SIMPLES_2A29_MEI|2A29_VIDAS|PREMIUM_900_CARE|PARCIAL|TOTAL|24-28|ENFERM|505.77|SP|sao-paulo|SUPER_SIMPLES_2A29_MEI|['2A29_VIDAS', 'PREMIUM_900_CARE', 'PARCIAL', 'TOTAL', '24-28', 'ENFERM', '478.758/16-1', '41448']
SP|sao-paulo|SUPER_SIMPLES_2A29_MEI|2A29_VIDAS|PREMIUM_900_CARE|PARCIAL|TOTAL|29-33|ENFERM|505.77|SP|sao-paulo|SUPER_SIMPLES_2A29_MEI|['2A29_VIDAS', 'PREMIUM_900_CARE', 'PARCIAL', 'TOTAL', '29-33', 'ENFERM', '478.758/16-1', '41448']
SP|sao-paulo|SUPER_SIMPLES_2A29_MEI|2A29_VIDAS|PREMIUM_900_CARE|PARCIAL|TOTAL|34-38|ENFERM|505.77|SP|sao-paulo|SUPER_SIMPLES_2A29_MEI|['2A29_VIDAS', 'PREMIUM_900_CARE', 'PARCIAL', 'TOTAL', '34-38', 'ENFERM', '478.758/16-1', '41448']
SP|sao-paulo|SUPER_SIMPLES_2A29_MEI|2A29_VIDAS|PREMIUM_900_CARE|PARCIAL|TOTAL|39-43|ENFERM|601.67|SP|sao-paulo|SUPER_SIMPLES_2A29_MEI|['2A29_VIDAS', 'PREMIUM_900_CARE', 'PARCIAL', 'TOTAL', '39-43', 'ENFERM', '478.758/16-1', '41448']
SP|sao-paulo|SUPER_SIMPLES_2A29_MEI|2A29_VIDAS|PREMIUM_900_CARE|PARCIAL|TOTAL|44-48|ENFERM|782.18|SP|sao-paulo|SUPER_SIMPLES_2A29_MEI|['2A29_VIDAS', 'PREMIUM_900_CARE', 'PARCIAL', 'TOTAL', '44-48', 'ENFERM', '478.758/16-1', '41448']
SP|sao-paulo|SUPER_SIMPLES_2A29_MEI|2A29_VIDAS|PREMIUM_900_CARE|PARCIAL|TOTAL|49-53|ENFERM|1.017.36|SP|sao-paulo|SUPER_SIMPLES_2A29_MEI|['2A29_VIDAS', 'PREMIUM_900_CARE', 'PARCIAL', 'TOTAL', '49-53', 'ENFERM', '478.758/16-1', '41448']
SP|sao-paulo|SUPER_SIMPLES_2A29_MEI|2A29_VIDAS|PREMIUM_900_CARE|PARCIAL|TOTAL|54-58|ENFERM|1.323.64|SP|sao-paulo|SUPER_SIMPLES_2A29_MEI|['2A29_VIDAS', 'PREMIUM_900_CARE', 'PARCIAL', 'TOTAL', '54-58', 'ENFERM', '478.758/16-1', '41448']
SP|sao-paulo|SUPER_SIMPLES_2A29_MEI|2A29_VIDAS|PREMIUM_900_CARE|PARCIAL|TOTAL|59+|ENFERM|1.930.19|SP|sao-paulo|SUPER_SIMPLES_2A29_MEI|['2A29_VIDAS', 'PREMIUM_900_CARE', 'PARCIAL', 'TOTAL', '59+', 'ENFERM', '478.758/16-1', '41448']
SP|sao-paulo|SUPER_SIMPLES_2A29_MEI|2A29_VIDAS|PREMIUM_900_CARE|PARCIAL|TOTAL|00-18|APART|339.60|SP|sao-paulo|SUPER_SIMPLES_2A29_MEI|['2A29_VIDAS', 'PREMIUM_900_CARE', 'PARCIAL', 'TOTAL', '00-18', 'APART', '478.758/16-1', '41448']
SP|sao-paulo|SUPER_SIMPLES_2A29_MEI|2A29_VIDAS|PREMIUM_900_CARE|PARCIAL|TOTAL|19-23|APART|459.68|SP|sao-paulo|SUPER_SIMPLES_2A29_MEI|['2A29_VIDAS', 'PREMIUM_900_CARE', 'PARCIAL', 'TOTAL', '19-23', 'APART', '478.758/16-1', '41448']
SP|sao-paulo|SUPER_SIMPLES_2A29_MEI|2A29_VIDAS|PREMIUM_900_CARE|PARCIAL|TOTAL|24-28|APART|543.88|SP|sao-paulo|SUPER_SIMPLES_2A29_MEI|['2A29_VIDAS', 'PREMIUM_900_CARE', 'PARCIAL', 'TOTAL', '24-28', 'APART', '478.758/16-1', '41448']
SP|sao-paulo|SUPER_SIMPLES_2A29_MEI|2A29_VIDAS|PREMIUM_900_CARE|PARCIAL|TOTAL|29-33|APART|543.88|SP|sao-paulo|SUPER_SIMPLES_2A29_MEI|['2A29_VIDAS', 'PREMIUM_900_CARE', 'PARCIAL', 'TOTAL', '29-33', 'APART', '478.758/16-1', '41448']
SP|sao-paulo|SUPER_SIMPLES_2A29_MEI|2A29_VIDAS|PREMIUM_900_CARE|PARCIAL|TOTAL|34-38|APART|543.88|SP|sao-paulo|SUPER_SIMPLES_2A29_MEI|['2A29_VIDAS', 'PREMIUM_900_CARE', 'PARCIAL', 'TOTAL', '34-38', 'APART', '478.758/16-1', '41448']
SP|sao-paulo|SUPER_SIMPLES_2A29_MEI|2A29_VIDAS|PREMIUM_900_CARE|PARCIAL|TOTAL|39-43|APART|645.79|SP|sao-paulo|SUPER_SIMPLES_2A29_MEI|['2A29_VIDAS', 'PREMIUM_900_CARE', 'PARCIAL', 'TOTAL', '39-43', 'APART', '478.758/16-1', '41448']
SP|sao-paulo|SUPER_SIMPLES_2A29_MEI|2A29_VIDAS|PREMIUM_900_CARE|PARCIAL|TOTAL|44-48|APART|839.68|SP|sao-paulo|SUPER_SIMPLES_2A29_MEI|['2A29_VIDAS', 'PREMIUM_900_CARE', 'PARCIAL', 'TOTAL', '44-48', 'APART', '478.758/16-1', '41448']
SP|sao-paulo|SUPER_SIMPLES_2A29_MEI|2A29_VIDAS|PREMIUM_900_CARE|PARCIAL|TOTAL|49-53|APART|1.092.14|SP|sao-paulo|SUPER_SIMPLES_2A29_MEI|['2A29_VIDAS', 'PREMIUM_900_CARE', 'PARCIAL', 'TOTAL', '49-53', 'APART', '478.758/16-1', '41448']
SP|sao-paulo|SUPER_SIMPLES_2A29_MEI|2A29_VIDAS|PREMIUM_900_CARE|PARCIAL|TOTAL|54-58|ENFERM|1.418.59|SP|sao-paulo|SUPER_SIMPLES_2A29_MEI|['2A29_VIDAS', 'PREMIUM_900_CARE', 'PARCIAL', 'TOTAL', '54-58', 'APART', '478.758/16-1', '41448']
SP|sao-paulo|SUPER_SIMPLES_2A29_MEI|2A29_VIDAS|PREMIUM_900_CARE|PARCIAL|TOTAL|59+|APART|2.069.58|SP|sao-paulo|SUPER_SIMPLES_2A29_MEI|['2A29_VIDAS', 'PREMIUM_900_CARE', 'PARCIAL', 'TOTAL', '59+', 'APART', '478.758/16-1', '41448']
SP|sao-paulo|SUPER_SIMPLES_2A29_MEI|2A29_VIDAS|INFINITY|PARCIAL|TOTAL|00-18|ENFERM|214.00|SP|sao-paulo|SUPER_SIMPLES_2A29_MEI|['2A29_VIDAS', 'INFINITY', 'PARCIAL', 'TOTAL', '00-18', 'ENFERM', '474.632/15-5', '41632']
SP|sao-paulo|SUPER_SIMPLES_2A29_MEI|2A29_VIDAS|INFINITY|PARCIAL|TOTAL|19-23|ENFERM|290.38|SP|sao-paulo|SUPER_SIMPLES_2A29_MEI|['2A29_VIDAS', 'INFINITY', 'PARCIAL', 'TOTAL', '19-23', 'ENFERM', '474.632/15-5', '41632']
SP|sao-paulo|SUPER_SIMPLES_2A29_MEI|2A29_VIDAS|INFINITY|PARCIAL|TOTAL|24-28|ENFERM|343.47|SP|sao-paulo|SUPER_SIMPLES_2A29_MEI|['2A29_VIDAS', 'INFINITY', 'PARCIAL', 'TOTAL', '24-28', 'ENFERM', '474.632/15-5', '41632']
SP|sao-paulo|SUPER_SIMPLES_2A29_MEI|2A29_VIDAS|INFINITY|PARCIAL|TOTAL|29-33|ENFERM|343.47|SP|sao-paulo|SUPER_SIMPLES_2A29_MEI|['2A29_VIDAS', 'INFINITY', 'PARCIAL', 'TOTAL', '29-33', 'ENFERM', '474.632/15-5', '41632']
SP|sao-paulo|SUPER_SIMPLES_2A29_MEI|2A29_VIDAS|INFINITY|PARCIAL|TOTAL|34-38|ENFERM|343.47|SP|sao-paulo|SUPER_SIMPLES_2A29_MEI|['2A29_VIDAS', 'INFINITY', 'PARCIAL', 'TOTAL', '34-38', 'ENFERM', '474.632/15-5', '41632']
SP|sao-paulo|SUPER_SIMPLES_2A29_MEI|2A29_VIDAS|INFINITY|PARCIAL|TOTAL|39-43|ENFERM|408.26|SP|sao-paulo|SUPER_SIMPLES_2A29_MEI|['2A29_VIDAS', 'INFINITY', 'PARCIAL', 'TOTAL', '39-43', 'ENFERM', '474.632/15-5', '41632']
SP|sao-paulo|SUPER_SIMPLES_2A29_MEI|2A29_VIDAS|INFINITY|PARCIAL|TOTAL|44-48|ENFERM|530.68|SP|sao-paulo|SUPER_SIMPLES_2A29_MEI|['2A29_VIDAS', 'INFINITY', 'PARCIAL', 'TOTAL', '44-48', 'ENFERM', '474.632/15-5', '41632']
SP|sao-paulo|SUPER_SIMPLES_2A29_MEI|2A29_VIDAS|INFINITY|PARCIAL|TOTAL|49-53|ENFERM|690.36|SP|sao-paulo|SUPER_SIMPLES_2A29_MEI|['2A29_VIDAS', 'INFINITY', 'PARCIAL', 'TOTAL', '49-53', 'ENFERM', '474.632/15-5', '41632']
SP|sao-paulo|SUPER_SIMPLES_2A29_MEI|2A29_VIDAS|INFINITY|PARCIAL|TOTAL|54-58|ENFERM|897.87|SP|sao-paulo|SUPER_SIMPLES_2A29_MEI|['2A29_VIDAS', 'INFINITY', 'PARCIAL', 'TOTAL', '54-58', 'ENFERM', '474.632/15-5', '41632']
SP|sao-paulo|SUPER_SIMPLES_2A29_MEI|2A29_VIDAS|INFINITY|PARCIAL|TOTAL|59+|ENFERM|1.310.64|SP|sao-paulo|SUPER_SIMPLES_2A29_MEI|['2A29_VIDAS', 'INFINITY', 'PARCIAL', 'TOTAL', '59+', 'ENFERM', '474.632/15-5', '41632']
SP|sao-paulo|SUPER_SIMPLES_2A29_MEI|2A29_VIDAS|INFINITY|PARCIAL|TOTAL|00-18|APART|237.54|SP|sao-paulo|SUPER_SIMPLES_2A29_MEI|['2A29_VIDAS', 'INFINITY', 'PARCIAL', 'TOTAL', '00-18', 'APART', '474.632/15-5', '41632']
SP|sao-paulo|SUPER_SIMPLES_2A29_MEI|2A29_VIDAS|INFINITY|PARCIAL|TOTAL|19-23|APART|311.94|SP|sao-paulo|SUPER_SIMPLES_2A29_MEI|['2A29_VIDAS', 'INFINITY', 'PARCIAL', 'TOTAL', '19-23', 'APART', '474.632/15-5', '41632']
SP|sao-paulo|SUPER_SIMPLES_2A29_MEI|2A29_VIDAS|INFINITY|PARCIAL|TOTAL|24-28|APART|368.96|SP|sao-paulo|SUPER_SIMPLES_2A29_MEI|['2A29_VIDAS', 'INFINITY', 'PARCIAL', 'TOTAL', '24-28', 'APART', '474.632/15-5', '41632']
SP|sao-paulo|SUPER_SIMPLES_2A29_MEI|2A29_VIDAS|INFINITY|PARCIAL|TOTAL|29-33|APART|368.96|SP|sao-paulo|SUPER_SIMPLES_2A29_MEI|['2A29_VIDAS', 'INFINITY', 'PARCIAL', 'TOTAL', '29-33', 'APART', '474.632/15-5', '41632']
SP|sao-paulo|SUPER_SIMPLES_2A29_MEI|2A29_VIDAS|INFINITY|PARCIAL|TOTAL|34-38|APART|368.96|SP|sao-paulo|SUPER_SIMPLES_2A29_MEI|['2A29_VIDAS', 'INFINITY', 'PARCIAL', 'TOTAL', '34-38', 'APART', '474.632/15-5', '41632']
SP|sao-paulo|SUPER_SIMPLES_2A29_MEI|2A29_VIDAS|INFINITY|PARCIAL|TOTAL|39-43|APART|437.89|SP|sao-paulo|SUPER_SIMPLES_2A29_MEI|['2A29_VIDAS', 'INFINITY', 'PARCIAL', 'TOTAL', '39-43', 'APART', '474.632/15-5', '41632']
SP|sao-paulo|SUPER_SIMPLES_2A29_MEI|2A29_VIDAS|INFINITY|PARCIAL|TOTAL|44-48|APART|569.06|SP|sao-paulo|SUPER_SIMPLES_2A29_MEI|['2A29_VIDAS', 'INFINITY', 'PARCIAL', 'TOTAL', '44-48', 'APART', '474.632/15-5', '41632']
SP|sao-paulo|SUPER_SIMPLES_2A29_MEI|2A29_VIDAS|INFINITY|PARCIAL|TOTAL|49-53|APART|740.02|SP|sao-paulo|SUPER_SIMPLES_2A29_MEI|['2A29_VIDAS', 'INFINITY', 'PARCIAL', 'TOTAL', '49-53', 'APART', '474.632/15-5', '41632']
SP|sao-paulo|SUPER_SIMPLES_2A29_MEI|2A29_VIDAS|INFINITY|PARCIAL|TOTAL|54-58|ENFERM|962.54|SP|sao-paulo|SUPER_SIMPLES_2A29_MEI|['2A29_VIDAS', 'INFINITY', 'PARCIAL', 'TOTAL', '54-58', 'APART', '474.632/15-5', '41632']
SP|sao-paulo|SUPER_SIMPLES_2A29_MEI|2A29_VIDAS|INFINITY|PARCIAL|TOTAL|59+|APART|1.404.59|SP|sao-paulo|SUPER_SIMPLES_2A29_MEI|['2A29_VIDAS', 'INFINITY', 'PARCIAL', 'TOTAL', '59+', 'APART', '474.632/15-5', '41632']
SP|sao-paulo|SUPER_SIMPLES_2A29_NAO_MEI|2A29_VIDAS|NOSSO_MEDICO_RMSP|PARCIAL|NAO_EXISTE|00-18|ENFERM|134.75|SP|sao-paulo|SUPER_SIMPLES_2A29_NAO_MEI|['2A29_VIDAS', 'NOSSO_MEDICO_RMSP', 'PARCIAL', 'NAO_EXISTE', '00-18', 'ENFERM', '507.184/25-4', '41725']
SP|sao-paulo|SUPER_SIMPLES_2A29_NAO_MEI|2A29_VIDAS|NOSSO_MEDICO_RMSP|PARCIAL|NAO_EXISTE|19-23|ENFERM|181.92|SP|sao-paulo|SUPER_SIMPLES_2A29_NAO_MEI|['2A29_VIDAS', 'NOSSO_MEDICO_RMSP', 'PARCIAL', 'NAO_EXISTE', '19-23', 'ENFERM', '507.184/25-4', '41725']
SP|sao-paulo|SUPER_SIMPLES_2A29_NAO_MEI|2A29_VIDAS|NOSSO_MEDICO_RMSP|PARCIAL|NAO_EXISTE|24-28|ENFERM|215.09|SP|sao-paulo|SUPER_SIMPLES_2A29_NAO_MEI|['2A29_VIDAS', 'NOSSO_MEDICO_RMSP', 'PARCIAL', 'NAO_EXISTE', '24-28', 'ENFERM', '507.184/25-4', '41725']
SP|sao-paulo|SUPER_SIMPLES_2A29_NAO_MEI|2A29_VIDAS|NOSSO_MEDICO_RMSP|PARCIAL|NAO_EXISTE|29-33|ENFERM|215.09|SP|sao-paulo|SUPER_SIMPLES_2A29_NAO_MEI|['2A29_VIDAS', 'NOSSO_MEDICO_RMSP', 'PARCIAL', 'NAO_EXISTE', '29-33', 'ENFERM', '507.184/25-4', '41725']
SP|sao-paulo|SUPER_SIMPLES_2A29_NAO_MEI|2A29_VIDAS|NOSSO_MEDICO_RMSP|PARCIAL|NAO_EXISTE|34-38|ENFERM|215.09|SP|sao-paulo|SUPER_SIMPLES_2A29_NAO_MEI|['2A29_VIDAS', 'NOSSO_MEDICO_RMSP', 'PARCIAL', 'NAO_EXISTE', '34-38', 'ENFERM', '507.184/25-4', '41725']
SP|sao-paulo|SUPER_SIMPLES_2A29_NAO_MEI|2A29_VIDAS|NOSSO_MEDICO_RMSP|PARCIAL|NAO_EXISTE|39-43|ENFERM|255.48|SP|sao-paulo|SUPER_SIMPLES_2A29_NAO_MEI|['2A29_VIDAS', 'NOSSO_MEDICO_RMSP', 'PARCIAL', 'NAO_EXISTE', '39-43', 'ENFERM', '507.184/25-4', '41725']
SP|sao-paulo|SUPER_SIMPLES_2A29_NAO_MEI|2A29_VIDAS|NOSSO_MEDICO_RMSP|PARCIAL|NAO_EXISTE|44-48|ENFERM|332.10|SP|sao-paulo|SUPER_SIMPLES_2A29_NAO_MEI|['2A29_VIDAS', 'NOSSO_MEDICO_RMSP', 'PARCIAL', 'NAO_EXISTE', '44-48', 'ENFERM', '507.184/25-4', '41725']
SP|sao-paulo|SUPER_SIMPLES_2A29_NAO_MEI|2A29_VIDAS|NOSSO_MEDICO_RMSP|PARCIAL|NAO_EXISTE|49-53|ENFERM|431.66|SP|sao-paulo|SUPER_SIMPLES_2A29_NAO_MEI|['2A29_VIDAS', 'NOSSO_MEDICO_RMSP', 'PARCIAL', 'NAO_EXISTE', '49-53', 'ENFERM', '507.184/25-4', '41725']
SP|sao-paulo|SUPER_SIMPLES_2A29_NAO_MEI|2A29_VIDAS|NOSSO_MEDICO_RMSP|PARCIAL|NAO_EXISTE|54-58|ENFERM|561.25|SP|sao-paulo|SUPER_SIMPLES_2A29_NAO_MEI|['2A29_VIDAS', 'NOSSO_MEDICO_RMSP', 'PARCIAL', 'NAO_EXISTE', '54-58', 'ENFERM', '507.184/25-4', '41725']
SP|sao-paulo|SUPER_SIMPLES_2A29_NAO_MEI|2A29_VIDAS|NOSSO_MEDICO_RMSP|PARCIAL|NAO_EXISTE|59+|ENFERM|908.02|SP|sao-paulo|SUPER_SIMPLES_2A29_NAO_MEI|['2A29_VIDAS', 'NOSSO_MEDICO_RMSP', 'PARCIAL', 'NAO_EXISTE', '59+', 'ENFERM', '507.184/25-4', '41725']
SP|sao-paulo|SUPER_SIMPLES_2A29_NAO_MEI|2A29_VIDAS|SMART_AMBULATORIAL|PARCIAL|NAO_EXISTE|00-18|ENFERM|101.21|SP|sao-paulo|SUPER_SIMPLES_2A29_NAO_MEI|['2A29_VIDAS', 'SMART_AMBULATORIAL', 'PARCIAL', 'NAO_EXISTE', '00-18', 'ENFERM', '495.367/23-3', '41532']
SP|sao-paulo|SUPER_SIMPLES_2A29_NAO_MEI|2A29_VIDAS|SMART_AMBULATORIAL|PARCIAL|NAO_EXISTE|19-23|ENFERM|136.67|SP|sao-paulo|SUPER_SIMPLES_2A29_NAO_MEI|['2A29_VIDAS', 'SMART_AMBULATORIAL', 'PARCIAL', 'NAO_EXISTE', '19-23', 'ENFERM', '495.367/23-3', '41532']
SP|sao-paulo|SUPER_SIMPLES_2A29_NAO_MEI|2A29_VIDAS|SMART_AMBULATORIAL|PARCIAL|NAO_EXISTE|24-28|ENFERM|161.42|SP|sao-paulo|SUPER_SIMPLES_2A29_NAO_MEI|['2A29_VIDAS', 'SMART_AMBULATORIAL', 'PARCIAL', 'NAO_EXISTE', '24-28', 'ENFERM', '495.367/23-3', '41532']
SP|sao-paulo|SUPER_SIMPLES_2A29_NAO_MEI|2A29_VIDAS|SMART_AMBULATORIAL|PARCIAL|NAO_EXISTE|29-33|ENFERM|161.42|SP|sao-paulo|SUPER_SIMPLES_2A29_NAO_MEI|['2A29_VIDAS', 'SMART_AMBULATORIAL', 'PARCIAL', 'NAO_EXISTE', '29-33', 'ENFERM', '495.367/23-3', '41532']
SP|sao-paulo|SUPER_SIMPLES_2A29_NAO_MEI|2A29_VIDAS|SMART_AMBULATORIAL|PARCIAL|NAO_EXISTE|34-38|ENFERM|161.42|SP|sao-paulo|SUPER_SIMPLES_2A29_NAO_MEI|['2A29_VIDAS', 'SMART_AMBULATORIAL', 'PARCIAL', 'NAO_EXISTE', '34-38', 'ENFERM', '495.367/23-3', '41532']
SP|sao-paulo|SUPER_SIMPLES_2A29_NAO_MEI|2A29_VIDAS|SMART_AMBULATORIAL|PARCIAL|NAO_EXISTE|39-43|ENFERM|191.86|SP|sao-paulo|SUPER_SIMPLES_2A29_NAO_MEI|['2A29_VIDAS', 'SMART_AMBULATORIAL', 'PARCIAL', 'NAO_EXISTE', '39-43', 'ENFERM', '495.367/23-3', '41532']
SP|sao-paulo|SUPER_SIMPLES_2A29_NAO_MEI|2A29_VIDAS|SMART_AMBULATORIAL|PARCIAL|NAO_EXISTE|44-48|ENFERM|249.40|SP|sao-paulo|SUPER_SIMPLES_2A29_NAO_MEI|['2A29_VIDAS', 'SMART_AMBULATORIAL', 'PARCIAL', 'NAO_EXISTE', '44-48', 'ENFERM', '495.367/23-3', '41532']
SP|sao-paulo|SUPER_SIMPLES_2A29_NAO_MEI|2A29_VIDAS|SMART_AMBULATORIAL|PARCIAL|NAO_EXISTE|49-53|ENFERM|324.18|SP|sao-paulo|SUPER_SIMPLES_2A29_NAO_MEI|['2A29_VIDAS', 'SMART_AMBULATORIAL', 'PARCIAL', 'NAO_EXISTE', '49-53', 'ENFERM', '495.367/23-3', '41532']
SP|sao-paulo|SUPER_SIMPLES_2A29_NAO_MEI|2A29_VIDAS|SMART_AMBULATORIAL|PARCIAL|NAO_EXISTE|54-58|ENFERM|421.35|SP|sao-paulo|SUPER_SIMPLES_2A29_NAO_MEI|['2A29_VIDAS', 'SMART_AMBULATORIAL', 'PARCIAL', 'NAO_EXISTE', '54-58', 'ENFERM', '495.367/23-3', '41532']
SP|sao-paulo|SUPER_SIMPLES_2A29_NAO_MEI|2A29_VIDAS|SMART_AMBULATORIAL|PARCIAL|NAO_EXISTE|59+|ENFERM|756.08|SP|sao-paulo|SUPER_SIMPLES_2A29_NAO_MEI|['2A29_VIDAS', 'SMART_AMBULATORIAL', 'PARCIAL', 'NAO_EXISTE', '59+', 'ENFERM', '495.367/23-3', '41532']
SP|sao-paulo|SUPER_SIMPLES_2A29_NAO_MEI|2A29_VIDAS|SMART_200_SP_CAPITAL|PARCIAL|NAO_EXISTE|00-18|ENFERM|112.84|SP|sao-paulo|SUPER_SIMPLES_2A29_NAO_MEI|['2A29_VIDAS', 'SMART_200_SP_CAPITAL', 'PARCIAL', 'NAO_EXISTE', '00-18', 'ENFERM', '486.753/24-4', '41880']
SP|sao-paulo|SUPER_SIMPLES_2A29_NAO_MEI|2A29_VIDAS|SMART_200_SP_CAPITAL|PARCIAL|NAO_EXISTE|19-23|ENFERM|152.31|SP|sao-paulo|SUPER_SIMPLES_2A29_NAO_MEI|['2A29_VIDAS', 'SMART_200_SP_CAPITAL', 'PARCIAL', 'NAO_EXISTE', '19-23', 'ENFERM', '486.753/24-4', '41880']
SP|sao-paulo|SUPER_SIMPLES_2A29_NAO_MEI|2A29_VIDAS|SMART_200_SP_CAPITAL|PARCIAL|NAO_EXISTE|24-28|ENFERM|180.01|SP|sao-paulo|SUPER_SIMPLES_2A29_NAO_MEI|['2A29_VIDAS', 'SMART_200_SP_CAPITAL', 'PARCIAL', 'NAO_EXISTE', '24-28', 'ENFERM', '486.753/24-4', '41880']
SP|sao-paulo|SUPER_SIMPLES_2A29_NAO_MEI|2A29_VIDAS|SMART_200_SP_CAPITAL|PARCIAL|NAO_EXISTE|29-33|ENFERM|180.01|SP|sao-paulo|SUPER_SIMPLES_2A29_NAO_MEI|['2A29_VIDAS', 'SMART_200_SP_CAPITAL', 'PARCIAL', 'NAO_EXISTE', '29-33', 'ENFERM', '486.753/24-4', '41880']
SP|sao-paulo|SUPER_SIMPLES_2A29_NAO_MEI|2A29_VIDAS|SMART_200_SP_CAPITAL|PARCIAL|NAO_EXISTE|34-38|ENFERM|180.01|SP|sao-paulo|SUPER_SIMPLES_2A29_NAO_MEI|['2A29_VIDAS', 'SMART_200_SP_CAPITAL', 'PARCIAL', 'NAO_EXISTE', '34-38', 'ENFERM', '486.753/24-4', '41880']
SP|sao-paulo|SUPER_SIMPLES_2A29_NAO_MEI|2A29_VIDAS|SMART_200_SP_CAPITAL|PARCIAL|NAO_EXISTE|39-43|ENFERM|213.79|SP|sao-paulo|SUPER_SIMPLES_2A29_NAO_MEI|['2A29_VIDAS', 'SMART_200_SP_CAPITAL', 'PARCIAL', 'NAO_EXISTE', '39-43', 'ENFERM', '486.753/24-4', '41880']
SP|sao-paulo|SUPER_SIMPLES_2A29_NAO_MEI|2A29_VIDAS|SMART_200_SP_CAPITAL|PARCIAL|NAO_EXISTE|44-48|ENFERM|277.93|SP|sao-paulo|SUPER_SIMPLES_2A29_NAO_MEI|['2A29_VIDAS', 'SMART_200_SP_CAPITAL', 'PARCIAL', 'NAO_EXISTE', '44-48', 'ENFERM', '486.753/24-4', '41880']
SP|sao-paulo|SUPER_SIMPLES_2A29_NAO_MEI|2A29_VIDAS|SMART_200_SP_CAPITAL|PARCIAL|NAO_EXISTE|49-53|ENFERM|361.48|SP|sao-paulo|SUPER_SIMPLES_2A29_NAO_MEI|['2A29_VIDAS', 'SMART_200_SP_CAPITAL', 'PARCIAL', 'NAO_EXISTE', '49-53', 'ENFERM', '486.753/24-4', '41880']
SP|sao-paulo|SUPER_SIMPLES_2A29_NAO_MEI|2A29_VIDAS|SMART_200_SP_CAPITAL|PARCIAL|NAO_EXISTE|54-58|ENFERM|469.70|SP|sao-paulo|SUPER_SIMPLES_2A29_NAO_MEI|['2A29_VIDAS', 'SMART_200_SP_CAPITAL', 'PARCIAL', 'NAO_EXISTE', '54-58', 'ENFERM', '486.753/24-4', '41880']
SP|sao-paulo|SUPER_SIMPLES_2A29_NAO_MEI|2A29_VIDAS|SMART_200_SP_CAPITAL|PARCIAL|NAO_EXISTE|59+|ENFERM|876.97|SP|sao-paulo|SUPER_SIMPLES_2A29_NAO_MEI|['2A29_VIDAS', 'SMART_200_SP_CAPITAL', 'PARCIAL', 'NAO_EXISTE', '59+', 'ENFERM', '486.753/24-4', '41880']
SP|jundiai|SUPER_SIMPLES_2A29_NAO_MEI|2A29_VIDAS|NOSSO_MEDICO_JUNDIAI|PARCIAL|NAO_EXISTE|00-18|ENFERM|104.70|SP|jundiai|SUPER_SIMPLES_2A29_NAO_MEI|['2A29_VIDAS', 'NOSSO_MEDICO_JUNDIAI', 'PARCIAL', 'NAO_EXISTE', '00-18', 'ENFERM', '41673', '41673']
SP|jundiai|SUPER_SIMPLES_2A29_NAO_MEI|2A29_VIDAS|NOSSO_MEDICO_JUNDIAI|PARCIAL|NAO_EXISTE|19-23|ENFERM|141.32|SP|jundiai|SUPER_SIMPLES_2A29_NAO_MEI|['2A29_VIDAS', 'NOSSO_MEDICO_JUNDIAI', 'PARCIAL', 'NAO_EXISTE', '19-23', 'ENFERM', '41673', '41673']
SP|jundiai|SUPER_SIMPLES_2A29_NAO_MEI|2A29_VIDAS|NOSSO_MEDICO_JUNDIAI|PARCIAL|NAO_EXISTE|24-28|ENFERM|167.02|SP|jundiai|SUPER_SIMPLES_2A29_NAO_MEI|['2A29_VIDAS', 'NOSSO_MEDICO_JUNDIAI', 'PARCIAL', 'NAO_EXISTE', '24-28', 'ENFERM', '41673', '41673']
SP|jundiai|SUPER_SIMPLES_2A29_NAO_MEI|2A29_VIDAS|NOSSO_MEDICO_JUNDIAI|PARCIAL|NAO_EXISTE|29-33|ENFERM|167.02|SP|jundiai|SUPER_SIMPLES_2A29_NAO_MEI|['2A29_VIDAS', 'NOSSO_MEDICO_JUNDIAI', 'PARCIAL', 'NAO_EXISTE', '29-33', 'ENFERM', '41673', '41673']
SP|jundiai|SUPER_SIMPLES_2A29_NAO_MEI|2A29_VIDAS|NOSSO_MEDICO_JUNDIAI|PARCIAL|NAO_EXISTE|34-38|ENFERM|167.02|SP|jundiai|SUPER_SIMPLES_2A29_NAO_MEI|['2A29_VIDAS', 'NOSSO_MEDICO_JUNDIAI', 'PARCIAL', 'NAO_EXISTE', '34-38', 'ENFERM', '41673', '41673']
SP|jundiai|SUPER_SIMPLES_2A29_NAO_MEI|2A29_VIDAS|NOSSO_MEDICO_JUNDIAI|PARCIAL|NAO_EXISTE|39-43|ENFERM|198.37|SP|jundiai|SUPER_SIMPLES_2A29_NAO_MEI|['2A29_VIDAS', 'NOSSO_MEDICO_JUNDIAI', 'PARCIAL', 'NAO_EXISTE', '39-43', 'ENFERM', '41673', '41673']
SP|jundiai|SUPER_SIMPLES_2A29_NAO_MEI|2A29_VIDAS|NOSSO_MEDICO_JUNDIAI|PARCIAL|NAO_EXISTE|44-48|ENFERM|257.88|SP|jundiai|SUPER_SIMPLES_2A29_NAO_MEI|['2A29_VIDAS', 'NOSSO_MEDICO_JUNDIAI', 'PARCIAL', 'NAO_EXISTE', '44-48', 'ENFERM', '41673', '41673']
SP|jundiai|SUPER_SIMPLES_2A29_NAO_MEI|2A29_VIDAS|NOSSO_MEDICO_JUNDIAI|PARCIAL|NAO_EXISTE|49-53|ENFERM|335.28|SP|jundiai|SUPER_SIMPLES_2A29_NAO_MEI|['2A29_VIDAS', 'NOSSO_MEDICO_JUNDIAI', 'PARCIAL', 'NAO_EXISTE', '49-53', 'ENFERM', '41673', '41673']
SP|jundiai|SUPER_SIMPLES_2A29_NAO_MEI|2A29_VIDAS|NOSSO_MEDICO_JUNDIAI|PARCIAL|NAO_EXISTE|54-58|ENFERM|435.81|SP|jundiai|SUPER_SIMPLES_2A29_NAO_MEI|['2A29_VIDAS', 'NOSSO_MEDICO_JUNDIAI', 'PARCIAL', 'NAO_EXISTE', '54-58', 'ENFERM', '41673', '41673']
SP|jundiai|SUPER_SIMPLES_2A29_NAO_MEI|2A29_VIDAS|NOSSO_MEDICO_JUNDIAI|PARCIAL|NAO_EXISTE|59+|ENFERM|628.13|SP|jundiai|SUPER_SIMPLES_2A29_NAO_MEI|['2A29_VIDAS', 'NOSSO_MEDICO_JUNDIAI', 'PARCIAL', 'NAO_EXISTE', '59+', 'ENFERM', '41673', '41673']
SP|sao-paulo|SUPER_SIMPLES_2A29_NAO_MEI|2A29_VIDAS|NOSSO_MEDICO_RMSP|TOTAL|NAO_EXISTE|00-18|ENFERM|78.52|SP|sao-paulo|SUPER_SIMPLES_2A29_NAO_MEI|['2A29_VIDAS', 'NOSSO_MEDICO_RMSP', 'TOTAL', 'NAO_EXISTE', '00-18', 'ENFERM', '41722', '41722']
SP|sao-paulo|SUPER_SIMPLES_2A29_NAO_MEI|2A29_VIDAS|NOSSO_MEDICO_RMSP|TOTAL|NAO_EXISTE|19-23|ENFERM|105.99|SP|sao-paulo|SUPER_SIMPLES_2A29_NAO_MEI|['2A29_VIDAS', 'NOSSO_MEDICO_RMSP', 'TOTAL', 'NAO_EXISTE', '19-23', 'ENFERM', '41722', '41722']
SP|sao-paulo|SUPER_SIMPLES_2A29_NAO_MEI|2A29_VIDAS|NOSSO_MEDICO_RMSP|TOTAL|NAO_EXISTE|24-28|ENFERM|125.28|SP|sao-paulo|SUPER_SIMPLES_2A29_NAO_MEI|['2A29_VIDAS', 'NOSSO_MEDICO_RMSP', 'TOTAL', 'NAO_EXISTE', '24-28', 'ENFERM', '41722', '41722']
SP|sao-paulo|SUPER_SIMPLES_2A29_NAO_MEI|2A29_VIDAS|NOSSO_MEDICO_RMSP|TOTAL|NAO_EXISTE|29-33|ENFERM|125.28|SP|sao-paulo|SUPER_SIMPLES_2A29_NAO_MEI|['2A29_VIDAS', 'NOSSO_MEDICO_RMSP', 'TOTAL', 'NAO_EXISTE', '29-33', 'ENFERM', '41722', '41722']
SP|sao-paulo|SUPER_SIMPLES_2A29_NAO_MEI|2A29_VIDAS|NOSSO_MEDICO_RMSP|TOTAL|NAO_EXISTE|34-38|ENFERM|125.28|SP|sao-paulo|SUPER_SIMPLES_2A29_NAO_MEI|['2A29_VIDAS', 'NOSSO_MEDICO_RMSP', 'TOTAL', 'NAO_EXISTE', '34-38', 'ENFERM', '41722', '41722']
SP|sao-paulo|SUPER_SIMPLES_2A29_NAO_MEI|2A29_VIDAS|NOSSO_MEDICO_RMSP|TOTAL|NAO_EXISTE|39-43|ENFERM|148.78|SP|sao-paulo|SUPER_SIMPLES_2A29_NAO_MEI|['2A29_VIDAS', 'NOSSO_MEDICO_RMSP', 'TOTAL', 'NAO_EXISTE', '39-43', 'ENFERM', '41722', '41722']
SP|sao-paulo|SUPER_SIMPLES_2A29_NAO_MEI|2A29_VIDAS|NOSSO_MEDICO_RMSP|TOTAL|NAO_EXISTE|44-48|ENFERM|193.43|SP|sao-paulo|SUPER_SIMPLES_2A29_NAO_MEI|['2A29_VIDAS', 'NOSSO_MEDICO_RMSP', 'TOTAL', 'NAO_EXISTE', '44-48', 'ENFERM', '41722', '41722']
SP|sao-paulo|SUPER_SIMPLES_2A29_NAO_MEI|2A29_VIDAS|NOSSO_MEDICO_RMSP|TOTAL|NAO_EXISTE|49-53|ENFERM|251.63|SP|sao-paulo|SUPER_SIMPLES_2A29_NAO_MEI|['2A29_VIDAS', 'NOSSO_MEDICO_RMSP', 'TOTAL', 'NAO_EXISTE', '49-53', 'ENFERM', '41722', '41722']
SP|sao-paulo|SUPER_SIMPLES_2A29_NAO_MEI|2A29_VIDAS|NOSSO_MEDICO_RMSP|TOTAL|NAO_EXISTE|54-58|ENFERM|327.03|SP|sao-paulo|SUPER_SIMPLES_2A29_NAO_MEI|['2A29_VIDAS', 'NOSSO_MEDICO_RMSP', 'TOTAL', 'NAO_EXISTE', '54-58', 'ENFERM', '41722', '41722']
SP|sao-paulo|SUPER_SIMPLES_2A29_NAO_MEI|2A29_VIDAS|NOSSO_MEDICO_RMSP|TOTAL|NAO_EXISTE|59+|ENFERM|471.10|SP|sao-paulo|SUPER_SIMPLES_2A29_NAO_MEI|['2A29_VIDAS', 'NOSSO_MEDICO_RMSP', 'TOTAL', 'NAO_EXISTE', '59+', 'ENFERM', '41722', '41722']
SP|sao-paulo|PME_COMPULSORIO|30A99_VIDAS|NOSSO_MEDICO_RMSP|PARCIAL|NAO_EXISTE|00-18|ENFERM|99.46|SP|sao-paulo|PME_COMPULSORIO|['30A99_VIDAS', 'NOSSO_MEDICO_RMSP', 'PARCIAL', 'NAO_EXISTE', '00-18', 'ENFERM', '41728', '41728']
SP|sao-paulo|PME_COMPULSORIO|30A99_VIDAS|NOSSO_MEDICO_RMSP|PARCIAL|NAO_EXISTE|19-23|ENFERM|134.25|SP|sao-paulo|PME_COMPULSORIO|['30A99_VIDAS', 'NOSSO_MEDICO_RMSP', 'PARCIAL', 'NAO_EXISTE', '19-23', 'ENFERM', '41728', '41728']
SP|sao-paulo|PME_COMPULSORIO|30A99_VIDAS|NOSSO_MEDICO_RMSP|PARCIAL|NAO_EXISTE|24-28|ENFERM|158.66|SP|sao-paulo|PME_COMPULSORIO|['30A99_VIDAS', 'NOSSO_MEDICO_RMSP', 'PARCIAL', 'NAO_EXISTE', '24-28', 'ENFERM', '41728', '41728']
SP|sao-paulo|PME_COMPULSORIO|30A99_VIDAS|NOSSO_MEDICO_RMSP|PARCIAL|NAO_EXISTE|29-33|ENFERM|158.66|SP|sao-paulo|PME_COMPULSORIO|['30A99_VIDAS', 'NOSSO_MEDICO_RMSP', 'PARCIAL', 'NAO_EXISTE', '29-33', 'ENFERM', '41728', '41728']
SP|sao-paulo|PME_COMPULSORIO|30A99_VIDAS|NOSSO_MEDICO_RMSP|PARCIAL|NAO_EXISTE|34-38|ENFERM|158.66|SP|sao-paulo|PME_COMPULSORIO|['30A99_VIDAS', 'NOSSO_MEDICO_RMSP', 'PARCIAL', 'NAO_EXISTE', '34-38', 'ENFERM', '41728', '41728']
SP|sao-paulo|PME_COMPULSORIO|30A99_VIDAS|NOSSO_MEDICO_RMSP|PARCIAL|NAO_EXISTE|39-43|ENFERM|188.64|SP|sao-paulo|PME_COMPULSORIO|['30A99_VIDAS', 'NOSSO_MEDICO_RMSP', 'PARCIAL', 'NAO_EXISTE', '39-43', 'ENFERM', '41728', '41728']
SP|sao-paulo|PME_COMPULSORIO|30A99_VIDAS|NOSSO_MEDICO_RMSP|PARCIAL|NAO_EXISTE|44-48|ENFERM|244.98|SP|sao-paulo|PME_COMPULSORIO|['30A99_VIDAS', 'NOSSO_MEDICO_RMSP', 'PARCIAL', 'NAO_EXISTE', '44-48', 'ENFERM', '41728', '41728']
SP|sao-paulo|PME_COMPULSORIO|30A99_VIDAS|NOSSO_MEDICO_RMSP|PARCIAL|NAO_EXISTE|49-53|ENFERM|318.40|SP|sao-paulo|PME_COMPULSORIO|['30A99_VIDAS', 'NOSSO_MEDICO_RMSP', 'PARCIAL', 'NAO_EXISTE', '49-53', 'ENFERM', '41728', '41728']
SP|sao-paulo|PME_COMPULSORIO|30A99_VIDAS|NOSSO_MEDICO_RMSP|PARCIAL|NAO_EXISTE|54-58|ENFERM|413.88|SP|sao-paulo|PME_COMPULSORIO|['30A99_VIDAS', 'NOSSO_MEDICO_RMSP', 'PARCIAL', 'NAO_EXISTE', '54-58', 'ENFERM', '41728', '41728']
SP|sao-paulo|PME_COMPULSORIO|30A99_VIDAS|NOSSO_MEDICO_RMSP|PARCIAL|NAO_EXISTE|59+|ENFERM|596.73|SP|sao-paulo|PME_COMPULSORIO|['30A99_VIDAS', 'NOSSO_MEDICO_RMSP', 'PARCIAL', 'NAO_EXISTE', '59+', 'ENFERM', '41728', '41728']
SP|sao-paulo|PME_COMPULSORIO|30A99_VIDAS|SMART_AMBULATORIAL|PARCIAL|NAO_EXISTE|00-18|ENFERM|96.14|SP|sao-paulo|PME_COMPULSORIO|['30A99_VIDAS', 'SMART_AMBULATORIAL', 'PARCIAL', 'NAO_EXISTE', '00-18', 'ENFERM', '495.696/23-7', '41335']
SP|sao-paulo|PME_COMPULSORIO|30A99_VIDAS|SMART_AMBULATORIAL|PARCIAL|NAO_EXISTE|19-23|ENFERM|129.80|SP|sao-paulo|PME_COMPULSORIO|['30A99_VIDAS', 'SMART_AMBULATORIAL', 'PARCIAL', 'NAO_EXISTE', '19-23', 'ENFERM', '495.696/23-7', '41335']
SP|sao-paulo|PME_COMPULSORIO|30A99_VIDAS|SMART_AMBULATORIAL|PARCIAL|NAO_EXISTE|24-28|ENFERM|153.45|SP|sao-paulo|PME_COMPULSORIO|['30A99_VIDAS', 'SMART_AMBULATORIAL', 'PARCIAL', 'NAO_EXISTE', '24-28', 'ENFERM', '495.696/23-7', '41335']
SP|sao-paulo|PME_COMPULSORIO|30A99_VIDAS|SMART_AMBULATORIAL|PARCIAL|NAO_EXISTE|29-33|ENFERM|153.45|SP|sao-paulo|PME_COMPULSORIO|['30A99_VIDAS', 'SMART_AMBULATORIAL', 'PARCIAL', 'NAO_EXISTE', '29-33', 'ENFERM', '495.696/23-7', '41335']
SP|sao-paulo|PME_COMPULSORIO|30A99_VIDAS|SMART_AMBULATORIAL|PARCIAL|NAO_EXISTE|34-38|ENFERM|153.45|SP|sao-paulo|PME_COMPULSORIO|['30A99_VIDAS', 'SMART_AMBULATORIAL', 'PARCIAL', 'NAO_EXISTE', '34-38', 'ENFERM', '495.696/23-7', '41335']
SP|sao-paulo|PME_COMPULSORIO|30A99_VIDAS|SMART_AMBULATORIAL|PARCIAL|NAO_EXISTE|39-43|ENFERM|182.62|SP|sao-paulo|PME_COMPULSORIO|['30A99_VIDAS', 'SMART_AMBULATORIAL', 'PARCIAL', 'NAO_EXISTE', '39-43', 'ENFERM', '495.696/23-7', '41335']
SP|sao-paulo|PME_COMPULSORIO|30A99_VIDAS|SMART_AMBULATORIAL|PARCIAL|NAO_EXISTE|44-48|ENFERM|236.79|SP|sao-paulo|PME_COMPULSORIO|['30A99_VIDAS', 'SMART_AMBULATORIAL', 'PARCIAL', 'NAO_EXISTE', '44-48', 'ENFERM', '495.696/23-7', '41335']
SP|sao-paulo|PME_COMPULSORIO|30A99_VIDAS|SMART_AMBULATORIAL|PARCIAL|NAO_EXISTE|49-53|ENFERM|307.81|SP|sao-paulo|PME_COMPULSORIO|['30A99_VIDAS', 'SMART_AMBULATORIAL', 'PARCIAL', 'NAO_EXISTE', '49-53', 'ENFERM', '495.696/23-7', '41335']
SP|sao-paulo|PME_COMPULSORIO|30A99_VIDAS|SMART_AMBULATORIAL|PARCIAL|NAO_EXISTE|54-58|ENFERM|400.67|SP|sao-paulo|PME_COMPULSORIO|['30A99_VIDAS', 'SMART_AMBULATORIAL', 'PARCIAL', 'NAO_EXISTE', '54-58', 'ENFERM', '495.696/23-7', '41335']
SP|sao-paulo|PME_COMPULSORIO|30A99_VIDAS|SMART_AMBULATORIAL|PARCIAL|NAO_EXISTE|59+|ENFERM|576.78|SP|sao-paulo|PME_COMPULSORIO|['30A99_VIDAS', 'SMART_AMBULATORIAL', 'PARCIAL', 'NAO_EXISTE', '59+', 'ENFERM', '495.696/23-7', '41335']
SP|sao-paulo|PME_COMPULSORIO|30A99_VIDAS|SMART_200_SP_CAPITAL|PARCIAL|NAO_EXISTE|00-18|ENFERM|110.51|SP|sao-paulo|PME_COMPULSORIO|['30A99_VIDAS', 'SMART_200_SP_CAPITAL', 'PARCIAL', 'NAO_EXISTE', '00-18', 'ENFERM', '41171', '41171']
SP|sao-paulo|PME_COMPULSORIO|30A99_VIDAS|SMART_200_SP_CAPITAL|PARCIAL|NAO_EXISTE|19-23|ENFERM|149.38|SP|sao-paulo|PME_COMPULSORIO|['30A99_VIDAS', 'SMART_200_SP_CAPITAL', 'PARCIAL', 'NAO_EXISTE', '19-23', 'ENFERM', '41171', '41171']
SP|sao-paulo|PME_COMPULSORIO|30A99_VIDAS|SMART_200_SP_CAPITAL|PARCIAL|NAO_EXISTE|24-28|ENFERM|176.35|SP|sao-paulo|PME_COMPULSORIO|['30A99_VIDAS', 'SMART_200_SP_CAPITAL', 'PARCIAL', 'NAO_EXISTE', '24-28', 'ENFERM', '41171', '41171']
SP|sao-paulo|PME_COMPULSORIO|30A99_VIDAS|SMART_200_SP_CAPITAL|PARCIAL|NAO_EXISTE|29-33|ENFERM|176.35|SP|sao-paulo|PME_COMPULSORIO|['30A99_VIDAS', 'SMART_200_SP_CAPITAL', 'PARCIAL', 'NAO_EXISTE', '29-33', 'ENFERM', '41171', '41171']
SP|sao-paulo|PME_COMPULSORIO|30A99_VIDAS|SMART_200_SP_CAPITAL|PARCIAL|NAO_EXISTE|34-38|ENFERM|176.35|SP|sao-paulo|PME_COMPULSORIO|['30A99_VIDAS', 'SMART_200_SP_CAPITAL', 'PARCIAL', 'NAO_EXISTE', '34-38', 'ENFERM', '41171', '41171']
SP|sao-paulo|PME_COMPULSORIO|30A99_VIDAS|SMART_200_SP_CAPITAL|PARCIAL|NAO_EXISTE|39-43|ENFERM|209.38|SP|sao-paulo|PME_COMPULSORIO|['30A99_VIDAS', 'SMART_200_SP_CAPITAL', 'PARCIAL', 'NAO_EXISTE', '39-43', 'ENFERM', '41171', '41171']
SP|sao-paulo|PME_COMPULSORIO|30A99_VIDAS|SMART_200_SP_CAPITAL|PARCIAL|NAO_EXISTE|44-48|ENFERM|272.17|SP|sao-paulo|PME_COMPULSORIO|['30A99_VIDAS', 'SMART_200_SP_CAPITAL', 'PARCIAL', 'NAO_EXISTE', '44-48', 'ENFERM', '41171', '41171']
SP|sao-paulo|PME_COMPULSORIO|30A99_VIDAS|SMART_200_SP_CAPITAL|PARCIAL|NAO_EXISTE|49-53|ENFERM|354.18|SP|sao-paulo|PME_COMPULSORIO|['30A99_VIDAS', 'SMART_200_SP_CAPITAL', 'PARCIAL', 'NAO_EXISTE', '49-53', 'ENFERM', '41171', '41171']
SP|sao-paulo|PME_COMPULSORIO|30A99_VIDAS|SMART_200_SP_CAPITAL|PARCIAL|NAO_EXISTE|54-58|ENFERM|460.20|SP|sao-paulo|PME_COMPULSORIO|['30A99_VIDAS', 'SMART_200_SP_CAPITAL', 'PARCIAL', 'NAO_EXISTE', '54-58', 'ENFERM', '41171', '41171']
SP|sao-paulo|PME_COMPULSORIO|30A99_VIDAS|SMART_200_SP_CAPITAL|PARCIAL|NAO_EXISTE|59+|ENFERM|662.11|SP|sao-paulo|PME_COMPULSORIO|['30A99_VIDAS', 'SMART_200_SP_CAPITAL', 'PARCIAL', 'NAO_EXISTE', '59+', 'ENFERM', '41171', '41171']
SP|sao-paulo|PME_COMPULSORIO|30A99_VIDAS|NOSSO_MEDICO_RMSP|TOTAL|NAO_EXISTE|00-18|ENFERM|74.60|SP|sao-paulo|PME_COMPULSORIO|['30A99_VIDAS', 'NOSSO_MEDICO_RMSP', 'TOTAL', 'NAO_EXISTE', '00-18', 'ENFERM', '41724', '41724']
SP|sao-paulo|PME_COMPULSORIO|30A99_VIDAS|NOSSO_MEDICO_RMSP|TOTAL|NAO_EXISTE|19-23|ENFERM|100.70|SP|sao-paulo|PME_COMPULSORIO|['30A99_VIDAS', 'NOSSO_MEDICO_RMSP', 'TOTAL', 'NAO_EXISTE', '19-23', 'ENFERM', '41724', '41724']
SP|sao-paulo|PME_COMPULSORIO|30A99_VIDAS|NOSSO_MEDICO_RMSP|TOTAL|NAO_EXISTE|24-28|ENFERM|119.01|SP|sao-paulo|PME_COMPULSORIO|['30A99_VIDAS', 'NOSSO_MEDICO_RMSP', 'TOTAL', 'NAO_EXISTE', '24-28', 'ENFERM', '41724', '41724']
SP|sao-paulo|PME_COMPULSORIO|30A99_VIDAS|NOSSO_MEDICO_RMSP|TOTAL|NAO_EXISTE|29-33|ENFERM|119.01|SP|sao-paulo|PME_COMPULSORIO|['30A99_VIDAS', 'NOSSO_MEDICO_RMSP', 'TOTAL', 'NAO_EXISTE', '29-33', 'ENFERM', '41724', '41724']
SP|sao-paulo|PME_COMPULSORIO|30A99_VIDAS|NOSSO_MEDICO_RMSP|TOTAL|NAO_EXISTE|34-38|ENFERM|119.01|SP|sao-paulo|PME_COMPULSORIO|['30A99_VIDAS', 'NOSSO_MEDICO_RMSP', 'TOTAL', 'NAO_EXISTE', '34-38', 'ENFERM', '41724', '41724']
SP|sao-paulo|PME_COMPULSORIO|30A99_VIDAS|NOSSO_MEDICO_RMSP|TOTAL|NAO_EXISTE|39-43|ENFERM|141.36|SP|sao-paulo|PME_COMPULSORIO|['30A99_VIDAS', 'NOSSO_MEDICO_RMSP', 'TOTAL', 'NAO_EXISTE', '39-43', 'ENFERM', '41724', '41724']
SP|sao-paulo|PME_COMPULSORIO|30A99_VIDAS|NOSSO_MEDICO_RMSP|TOTAL|NAO_EXISTE|44-48|ENFERM|183.76|SP|sao-paulo|PME_COMPULSORIO|['30A99_VIDAS', 'NOSSO_MEDICO_RMSP', 'TOTAL', 'NAO_EXISTE', '44-48', 'ENFERM', '41724', '41724']
SP|sao-paulo|PME_COMPULSORIO|30A99_VIDAS|NOSSO_MEDICO_RMSP|TOTAL|NAO_EXISTE|49-53|ENFERM|239.00|SP|sao-paulo|PME_COMPULSORIO|['30A99_VIDAS', 'NOSSO_MEDICO_RMSP', 'TOTAL', 'NAO_EXISTE', '49-53', 'ENFERM', '41724', '41724']
SP|sao-paulo|PME_COMPULSORIO|30A99_VIDAS|NOSSO_MEDICO_RMSP|TOTAL|NAO_EXISTE|54-58|ENFERM|310.56|SP|sao-paulo|PME_COMPULSORIO|['30A99_VIDAS', 'NOSSO_MEDICO_RMSP', 'TOTAL', 'NAO_EXISTE', '54-58', 'ENFERM', '41724', '41724']
SP|sao-paulo|PME_COMPULSORIO|30A99_VIDAS|NOSSO_MEDICO_RMSP|TOTAL|NAO_EXISTE|59+|ENFERM|447.81|SP|sao-paulo|PME_COMPULSORIO|['30A99_VIDAS', 'NOSSO_MEDICO_RMSP', 'TOTAL', 'NAO_EXISTE', '59+', 'ENFERM', '41724', '41724']
SP|sao-paulo|PME_COMPULSORIO|30A99_VIDAS|ADVANCE_600|PARCIAL|TOTAL|00-18|ENFERM|236.75|SP|sao-paulo|PME_COMPULSORIO|['30A99_VIDAS', 'ADVANCE_600', 'PARCIAL', 'TOTAL', '00-18', 'ENFERM', '41291', '41291']
SP|sao-paulo|PME_COMPULSORIO|30A99_VIDAS|ADVANCE_600|PARCIAL|TOTAL|19-23|ENFERM|319.85|SP|sao-paulo|PME_COMPULSORIO|['30A99_VIDAS', 'ADVANCE_600', 'PARCIAL', 'TOTAL', '19-23', 'ENFERM', '41291', '41291']
SP|sao-paulo|PME_COMPULSORIO|30A99_VIDAS|ADVANCE_600|PARCIAL|TOTAL|24-28|ENFERM|378.15|SP|sao-paulo|PME_COMPULSORIO|['30A99_VIDAS', 'ADVANCE_600', 'PARCIAL', 'TOTAL', '24-28', 'ENFERM', '41291', '41291']
SP|sao-paulo|PME_COMPULSORIO|30A99_VIDAS|ADVANCE_600|PARCIAL|TOTAL|29-33|ENFERM|378.15|SP|sao-paulo|PME_COMPULSORIO|['30A99_VIDAS', 'ADVANCE_600', 'PARCIAL', 'TOTAL', '29-33', 'ENFERM', '41291', '41291']
SP|sao-paulo|PME_COMPULSORIO|30A99_VIDAS|ADVANCE_600|PARCIAL|TOTAL|34-38|ENFERM|378.15|SP|sao-paulo|PME_COMPULSORIO|['30A99_VIDAS', 'ADVANCE_600', 'PARCIAL', 'TOTAL', '34-38', 'ENFERM', '41291', '41291']
SP|sao-paulo|PME_COMPULSORIO|30A99_VIDAS|ADVANCE_600|PARCIAL|TOTAL|39-43|ENFERM|449.53|SP|sao-paulo|PME_COMPULSORIO|['30A99_VIDAS', 'ADVANCE_600', 'PARCIAL', 'TOTAL', '39-43', 'ENFERM', '41291', '41291']
SP|sao-paulo|PME_COMPULSORIO|30A99_VIDAS|ADVANCE_600|PARCIAL|TOTAL|44-48|ENFERM|585.68|SP|sao-paulo|PME_COMPULSORIO|['30A99_VIDAS', 'ADVANCE_600', 'PARCIAL', 'TOTAL', '44-48', 'ENFERM', '41291', '41291']
SP|sao-paulo|PME_COMPULSORIO|30A99_VIDAS|ADVANCE_600|PARCIAL|TOTAL|49-53|ENFERM|761.45|SP|sao-paulo|PME_COMPULSORIO|['30A99_VIDAS', 'ADVANCE_600', 'PARCIAL', 'TOTAL', '49-53', 'ENFERM', '41291', '41291']
SP|sao-paulo|PME_COMPULSORIO|30A99_VIDAS|ADVANCE_600|PARCIAL|TOTAL|54-58|ENFERM|990.19|SP|sao-paulo|PME_COMPULSORIO|['30A99_VIDAS', 'ADVANCE_600', 'PARCIAL', 'TOTAL', '54-58', 'ENFERM', '41291', '41291']
SP|sao-paulo|PME_COMPULSORIO|30A99_VIDAS|ADVANCE_600|PARCIAL|TOTAL|59+|ENFERM|1.363.05|SP|sao-paulo|PME_COMPULSORIO|['30A99_VIDAS', 'ADVANCE_600', 'PARCIAL', 'TOTAL', '59+', 'ENFERM', '41291', '41291']
